Dias,Casos Totales,Muertes,Incremento,Casos CDMX,Vel. CDMX,Casos EDO,Vel. EDO,Casos estimados,Activos estimados,hospitalizados_cdmx,Negativos,h_nac,hg_nac,vacunados,Activos-conf,Recuperados,Dosis-disp,completos,IRAG,Fecha,Una dosis,comentarios
1,1,0,1,1,1,0,0,,,1,22,0,0,,,0,,,,28/02/20,,
2,4,0,3,2,1,1,1,,,1,34,1,0,,,0,,,,29/02/20,,
3,5,0,1,2,0,1,0,,,1,60,1,0,,,0,,,,01/03/20,,
4,5,0,0,2,0,1,0,,,1,69,1,0,,,0,,,,02/03/20,,
5,5,0,0,2,0,1,0,,,1,75,1,0,,,0,,,,03/03/20,,
6,5,0,0,3,1,1,0,,,2,112,2,0,,,0,,,,04/03/20,,
7,5,0,0,3,0,1,0,,,2,143,2,0,,,0,,,,05/03/20,,
8,6,0,1,3,0,1,0,,,2,163,2,0,,,0,,,,06/03/20,,
9,7,0,1,4,1,1,0,,,2,186,2,0,,,0,,,,07/03/20,,
10,7,0,0,4,0,1,0,,,2,201,2,1,,,0,,,,08/03/20,,
11,7,0,0,4,0,1,0,,,2,218,2,1,,,0,,,,09/03/20,,
12,7,0,0,5,1,3,2,,,2,234,2,1,,,0,,,,10/03/20,,
13,11,0,4,6,1,3,0,,,3,264,5,2,,,0,,,,11/03/20,,
14,15,0,4,9,3,6,3,,,5,298,5,2,,,0,,,,12/03/20,,
15,26,0,11,11,2,13,7,,,7,344,8,2,,,1,,,,13/03/20,,
16,41,0,15,13,2,20,7,,,8,404,8,3,,,4,,,,14/03/20,,
17,53,0,12,15,2,26,6,,,8,482,12,4,,,5,,,,15/03/20,,
18,82,0,29,17,2,37,11,,,10,579,14,5,,,5,,,,16/03/20,,
19,93,0,11,22,5,43,6,,,13,672,25,10,,,5,,,,17/03/20,,
20,118,0,25,27,5,56,13,,,19,787,38,13,,,5,,,,18/03/20,,
21,164,1,46,39,12,66,10,,,21,921,71,21,,,4,,,,19/03/20,,
22,203,2,39,63,24,71,5,,,36,1111,84,36,,,4,,,,20/03/20,,
23,251,2,48,84,21,77,6,,,38,1463,125,38,,,5,,,,21/03/20,,
24,316,2,65,107,23,92,15,,,42,1667,149,37,,,5,,,,22/03/20,,
25,367,4,51,125,18,99,7,,,45,1865,225,33,,,3,,,,23/03/20,,
26,405,5,38,154,29,102,3,,,47,2161,348,78,,,2,,,,24/03/20,,
27,475,6,70,167,13,116,14,,,50,2445,357,152,,,5,,,,25/03/20,,
28,585,8,110,185,18,123,7,,,105,2156,421,223,,,7,,,,26/03/20,,
29,717,12,132,209,24,128,5,,,128,2475,498,212,,,14,,,,27/03/20,,
30,848,16,131,226,17,137,9,,,175,4341,581,229,,,25,,,,28/03/20,,
31,993,20,145,244,18,140,3,,,257,4955,678,339,,,33,,,,29/03/20,,
32,1094,28,101,256,12,144,4,,,258,5635,702,398,,,54,,,,30/03/20,,
33,1215,29,121,271,15,151,7,,,301,6282,799,394,,,64,,,,31/03/20,,
34,1378,37,163,285,14,158,7,,,313,7073,893,358,,,81,,,93,01/04/20,,
35,1510,50,132,299,14,160,2,,,359,7822,985,401,,,114,,,129,02/04/20,,
36,1688,60,178,332,33,172,12,,,361,8602,1121,441,,,143,,,129,03/04/20,,
37,1890,79,202,397,65,189,17,,,405,9467,1254,552,,,172,,,289,04/04/20,,
38,2143,94,253,492,95,233,44,,,434,10682,1269,559,,,222,,,304,05/04/20,,
39,2439,125,296,552,60,302,69,,,509,11741,1745,608,,,242,,,283,06/04/20,,
40,2785,141,346,653,101,374,72,,,559,15099,1623,702,,,264,,,483,07/04/20,,
41,3181,174,396,766,113,424,50,,,609,17209,1598,856,,,301,,,1070,08/04/20,,
42,3441,194,260,810,44,476,52,,,657,17950,1654,841,,,391,,,1383,09/04/20,,
43,3844,233,403,917,107,567,91,,,768,19749,1632,777,,,484,,,1381,10/04/20,,
44,4219,273,375,993,76,598,31,,,834,21277,1864,967,,,575,,,1622,11/04/20,,
45,4661,296,442,1173,180,653,55,,,910,21943,1943,1053,,,697,,,1752,12/04/20,,
46,5014,332,353,1266,93,704,51,,,997,23040,1987,1048,,,762,,,1847,13/04/20,,
47,5399,406,385,1374,108,759,55,,,1027,23900,2001,1157,,,809,,,1602,14/04/20,,
48,5847,449,448,1480,106,837,78,,,1110,25138,2090,1208,,,929,,,1705,15/04/20,,
49,6297,486,450,1592,112,903,66,,,1121,26511,2132,1387,,,1024,,,1792,16/04/20,,
50,6875,546,578,1804,212,1002,99,,,1255,28126,2165,1298,,,1142,,,2062,17/04/20,,
51,7497,650,622,1984,180,1071,69,,,1408,29301,2234,1338,,,1240,,,2264,18/04/20,,
52,8261,686,764,2232,248,1207,136,,,1548,31170,2145,1589,,,1457,,,2401,19/04/20,,
53,8772,712,511,2323,91,1258,51,,,1647,31945,2789,1697,,2965,1727,,,2690,20/04/20,,
54,9501,857,729,2459,136,1381,123,,,1706,33451,2983,1738,,3185,1928,,,3074,21/04/20,,
55,10544,970,1043,2815,356,1593,212,,,1878,35620,3115,1945,,3618,2211,,,2857,22/04/20,,
56,11633,1069,1089,3157,342,1734,141,,,1932,39664,3289,1935,,4127,2372,,,3340,23/04/20,,
57,12872,1221,1239,3532,375,1992,258,,,2064,41573,3378,2078,,4502,2623,,,3350,24/04/20,,
58,13842,1305,970,3764,232,2238,246,,,2162,43419,3350,2059,,4798,2914,,,3561,25/04/20,,
59,14677,1351,835,3966,202,2355,117,,,2445,45346,3358,2067,,4972,3310,,,3788,26/04/20,,
60,15529,1434,852,4152,186,2455,100,,,2572,48960,3337,1998,,5009,3580,,,4250,27/04/20,,
61,16752,1569,1223,4474,322,2722,267,,,2689,49033,3553,2195,,5329,3830,,,4675,28/04/20,,
62,17799,1732,1047,4782,308,2863,141,,,2679,50850,4006,2265,,5444,4115,,,5792,29/04/20,,
63,19224,1859,1425,5209,427,3130,267,,,2765,52628,4856,2395,,5912,4438,,,6140,30/04/20,,
64,20739,1972,1515,5548,339,3422,292,,,2900,55003,5488,2401,,6390,4903,,,6589,01/05/20,,
65,22088,2061,1349,6013,465,3615,193,,,3037,57167,5930,2462,,6580,5436,,,6649,02/05/20,,
66,23471,2154,1383,6417,404,3893,278,,,3096,59704,6026,2487,,6933,6107,,,6857,03/05/20,,
67,24905,2271,1434,6785,368,4202,309,,,3099,61933,6222,2532,,6696,6501,,,7029,04/05/20,,
68,26025,2507,1120,6999,214,4353,151,,,3201,63540,6461,2619,,6708,6994,,,7312,05/05/20,,
69,27634,2704,1609,7521,522,4661,308,,,3438,65807,6686,2538,,7149,7840,,,7233,06/05/20,,
70,29616,2961,1982,8129,608,5077,416,,,3378,68783,6754,2600,,7802,8672,,,7490,07/05/20,,
71,31522,3160,1906,8705,576,5418,341,,,3424,71351,6885,2594,,8048,9712,,,7712,08/05/20,,
72,33460,3353,1938,9218,513,5710,292,,,3574,73801,7025,2605,,8283,10489,,,7804,09/05/20,,
73,35022,3465,1562,9737,519,5988,278,,,3610,75955,7064,2597,,8457,11212,,,7758,10/05/20,,
74,36327,3573,1305,9983,246,6155,167,,,3767,77798,7057,2609,,8288,11956,,,8388,11/05/20,,
75,38324,3926,1997,10529,546,6540,385,,,3779,80900,7716,2618,,8817,12826,,,8678,12/05/20,,
76,40186,4220,1862,10946,417,6813,273,,,3903,83455,7924,2634,,9378,13579,,,8790,13/05/20,,
77,42595,4477,2409,11664,718,7255,442,,,3964,86591,7946,2641,,10057,14747,,,9133,14/05/20,,
78,45032,4767,2437,12456,792,7570,315,,,4009,89631,8233,2610,,10238,15972,,,9267,15/05/20,,
79,47144,5045,2112,13076,620,7892,322,,,4099,92544,8435,2635,,10681,17043,,,9443,16/05/20,,
80,49219,5177,2075,13672,596,8187,295,,,4159,95568,8568,2697,,11105,18294,,,9694,17/05/20,,
81,51633,5332,2414,14566,894,8556,369,,,4390,98657,8862,2652,,11300,19573,,,10041,18/05/20,,
82,54346,5666,2713,15283,717,9002,446,,,4301,101979,9069,2656,,11767,20359,,,10014,19/05/20,,
83,56594,6090,2248,15844,561,9346,344,,,4419,105129,9110,2736,,12085,21544,,,10086,20/05/20,,
84,59567,6510,2973,16758,914,9661,315,,,4540,108980,9074,2712,,12905,23106,,,10226,21/05/20,,
85,62527,6989,2960,17690,932,10160,499,,,4533,113742,9157,2705,,13347,24533,,,10366,22/05/20,,
86,65856,7179,3329,18912,1222,10606,446,,,4553,118137,9206,2698,,14253,26281,,,10023,23/05/20,,
87,68620,7394,2764,19682,770,11057,451,,,4490,121613,8779,2734,,14247,27628,,,10129,24/05/20,,
88,71105,7633,2485,20235,553,11523,466,,,4458,125036,8914,2745,,14020,28694,,,10655,25/05/20,,
89,74560,8134,3455,20999,764,12366,843,,,4414,128691,9399,2810,,14718,30190,,,10862,26/05/20,,
90,78023,8597,3463,21826,827,13140,774,,,4478,133269,9551,2831,,15592,31589,,,10859,27/05/20,,
91,81400,9044,3377,22698,872,13679,539,,,4420,137263,9543,2816,,16315,33551,,,10937,28/05/20,,
92,84627,9415,3227,23623,925,14063,384,,,4420,140553,9482,2831,,16209,35617,,,10932,29/05/20,,
93,87512,9779,2885,24265,642,14334,271,,,4413,144486,9499,2842,,16486,37365,,,10728,30/05/20,,
94,90664,9930,3152,25018,753,14862,528,,,4444,149530,9249,2853,,16952,39289,,,10901,31/05/20,,
95,93435,10167,2771,25787,769,15210,348,,,4461,151267,9427,2895,,16303,41466,,,11321,01/06/20,,
96,97326,10637,3891,26509,722,15720,510,,,4468,153601,9775,2874,,16940,43709,,,11765,02/06/20,,
97,101238,11729,3912,27326,817,16320,600,,,4449,157354,10238,2850,,16829,44865,,,11725,03/06/20,,
98,105680,12545,4442,28389,1063,17158,838,,,4465,161724,10131,2899,,18377,47022,,,11711,04/06/20,,
99,110026,13170,4346,29580,1191,17815,657,,,4474,166049,10084,2894,,19015,49357,,,11678,05/06/20,,
100,113619,13511,3593,30223,643,18175,360,,,4491,170434,10079,2914,,19278,52345,,,11720,06/06/20,,
101,117103,13699,3484,30831,608,18552,377,,,4484,173975,10092,2923,,19629,54921,,,11966,07/06/20,,
102,120102,14053,2999,31493,662,18993,441,,,4424,177875,10346,2979,,18416,57052,,,11994,08/06/20,,
103,124301,14649,4199,32256,763,19692,699,,,4408,179985,10568,3105,,18904,59911,,,12636,09/06/20,,
104,129184,15357,4883,33713,1457,20723,1031,,,4436,186570,10952,3121,,19897,62666,,,12630,10/06/20,,
105,133974,15944,4790,34077,364,21631,908,,,4447,191465,10959,3125,,20832,65456,,,12747,11/06/20,,
106,139196,16448,5222,35272,1195,22434,803,,,4460,197590,11090,3184,,21872,68179,,,12712,12/06/20,,
107,142690,16872,3494,35954,682,22776,342,,,4456,202139,11049,3155,,21740,70640,,,11988,13/06/20,,
108,146837,17141,4147,36879,925,23359,583,,,4374,207076,10377,3130,,22398,73523,,,12448,14/06/20,,
109,150264,17580,3427,37503,624,23726,367,,,4331,211616,10679,3223,,20392,75855,,,12896,15/06/20,,
110,154863,18310,4599,38117,614,24564,838,,,4279,216857,11130,3294,,21159,79016,,,12996,16/06/20,,
111,159793,19080,4930,38871,754,25227,663,,,4360,222801,11176,3305,,22209,82158,,,13031,17/06/20,,
112,165455,19747,5662,40021,1150,26079,852,,,4303,228248,11202,3328,,23528,85933,,,13149,18/06/20,,
113,170485,20394,5030,41007,986,26721,642,,,4213,233137,11317,3359,,23653,89632,,,13351,19/06/20,,
114,175202,20781,4717,41777,770,27241,520,,,4142,238129,11508,3454,,23567,92838,,,12831,20/06/20,,
115,180545,21825,5343,42479,702,28505,1264,,,4080,242393,11044,3299,,24225,95278,,,13264,21/06/20,,
116,185122,22584,4577,42903,424,29424,919,,,4096,246147,11491,3267,,23155,97518,,,13716,22/06/20,,
117,191410,23377,6288,43596,693,30011,587,,,3945,251355,11847,3520,,24387,100924,,,13636,23/06/20,,
118,196847,24324,5437,44243,647,31075,1064,,,4008,256336,11887,3377,,24036,104860,,,13993,24/06/20,,
119,202951,25060,6104,45125,882,32017,942,,,3910,262117,12224,3446,,25529,108914,,,13988,25/06/20,,
120,208392,25779,5441,45977,852,32667,650,,,3908,267288,12085,3557,,25786,113417,,,13869,26/06/20,,
121,212802,26381,4410,46610,633,33153,486,,,3845,271151,11884,3578,,25700,116309,,,13115,27/06/20,,
122,216852,26648,4050,47047,437,33480,327,,,3806,275203,11257,3466,,25558,120189,,,13752,28/06/20,,
123,220657,27121,3805,47437,390,33696,216,,,3780,279035,11834,3517,,23359,123143,,,14372,29/06/20,,
124,226089,27769,5432,48014,577,34253,557,,,3793,283450,12358,3699,,23789,127094,,,14604,30/06/20,,
125,231770,28510,5681,48568,554,34953,700,,,3822,289142,12681,3633,,24734,131283,,,14532,01/07/20,,
126,238511,29189,6741,49573,1005,35631,678,,,3750,295561,12688,3642,,25565,136266,,,14519,02/07/20,,
127,245251,29843,6740,50592,1019,36584,953,,,3676,301986,12587,3659,,26063,140642,,,15013,03/07/20,,
128,252165,30366,6914,51658,1066,37360,776,,,3666,308439,12976,3811,,26075,144836,,,14193,04/07/20,,
129,256848,30639,4683,52210,552,37707,347,,,3592,312564,12810,3510,,26295,149906,,,14753,05/07/20,,
130,261750,31119,4902,52658,448,38201,494,,,3602,316520,12873,3597,,25805,154003,,,15171,06/07/20,,
131,268008,32014,6258,53423,765,39108,907,,,3623,320965,13249,3740,,26557,159396,,,15166,07/07/20,,
132,275003,32796,6995,54405,982,40087,979,,,3609,328908,13335,3608,,27891,164051,,,15392,08/07/20,,
133,282283,33526,7280,55344,939,40957,870,,48708,3569,335480,13514,3692,,29129,169425,,,15318,09/07/20,,
134,289174,34191,6891,56602,1258,41529,572,328000,49211,3476,343689,13451,3709,,29627,174201,,,15467,10/07/20,,
135,295268,34730,6094,57271,669,42079,550,332929,51701,3452,350007,13574,3767,,30682,178072,,,14950,11/07/20,,
136,299750,35006,4482,57674,403,42372,293,335922,48822,3454,354171,13078,3625,,29839,181846,,,15255,12/07/20,,
137,304435,35491,4685,58114,440,42753,381,341149,47619,3422,358663,13452,3802,,28843,185166,,,15693,13/07/20,,
138,311486,36327,7051,58855,741,43544,791,349893,49669,3380,363930,13272,3751,,29329,189762,,,15730,14/07/20,,
139,317635,36906,6149,59670,815,44117,573,356602,48207,3448,369411,13475,3806,,28361,194864,,,15742,15/07/20,,
140,324041,37574,6406,60474,804,44783,666,363599,48562,3411,375455,13750,3830,,28786,200937,,,15729,16/07/20,,
141,331298,38310,7257,61351,877,45366,583,372099,48857,3377,382003,13729,3859,,29363,206941,,,15474,17/07/20,,
142,338913,38888,7615,62076,725,46018,652,380469,50498,3355,388636,13530,3802,,30896,213277,,,15560,18/07/20,,
143,344224,39184,5311,62789,713,46280,262,383847,52771,3289,394156,13539,3854,,30478,217664,,,15973,19/07/20,,
144,349396,39485,5172,63527,738,46443,163,387267,50098,3342,399443,13918,3909,,29549,222265,,,16142,20/07/20,,
145,356255,40400,6859,64431,904,47253,810,395510,46820,3379,406151,14225,3812,,29654,227608,,,16270,21/07/20,,
146,362274,41190,6019,65214,783,47989,736,404092,48446,3391,411673,14267,3883,,30044,233813,,,16181,22/07/20,,
147,370712,41908,8438,66444,1230,48592,603,413074,50935,3415,419349,14232,3878,,31995,240375,,,16339,23/07/20,,
148,378285,42645,7573,67597,1153,49086,494,421111,53349,3438,426869,14274,3889,,31150,246529,,,16216,24/07/20,,
149,385036,43374,6751,68220,623,49557,471,428522,52258,3410,433384,14166,3922,,31990,251894,,,15855,25/07/20,,
150,390516,43680,5480,68903,683,49894,337,432572,53572,3407,438638,13925,3868,,31812,256070,,,15954,26/07/20,,
151,395489,44022,4973,69298,395,50113,219,435862,51612,3412,442884,14123,3808,,30108,260413,,,16158,27/07/20,,
152,402697,44876,7208,70612,1314,50911,798,444098,47655,3439,449854,14246,3922,,31128,266610,,,16079,28/07/20,,
153,408449,45361,5752,71296,684,51555,644,450570,49678,3459,455087,14311,3795,,29631,272274,,,16017,29/07/20,,
154,416179,46000,7730,72343,1047,52183,628,458668,48550,3483,461775,14240,3922,,30890,278041,,,16151,30/07/20,,
155,424637,46688,8458,73454,1111,52700,517,466948,50078,3383,469629,14229,3985,,31365,284610,,,15892,31/07/20,,
156,434193,47434,9556,74314,860,53513,813,475510,50833,3284,477733,13860,3994,,32944,291479,,,15387,01/08/20,,
157,439046,47746,4853,74890,576,53735,222,478072,48772,3181,483333,13405,3944,,32015,296478,,,15702,02/08/20,,
158,443813,48012,4767,75383,493,54096,361,480645,42360,3177,488207,13760,3883,,28741,301384,,,15701,03/08/20,,
159,449961,48869,6148,76173,790,54891,795,487969,43648,3211,493873,13827,3925,,28754,307386,,,15903,04/08/20,,
160,456100,49698,6139,76967,794,55389,498,494882,44636,3247,499915,13882,3951,,28962,312576,,,15637,05/08/20,,
161,462690,50517,6590,77790,823,56070,681,502811,46861,3176,506252,13652,3987,,30010,320195,,,15269,06/08/20,,
162,469407,51311,6717,78898,1108,56564,494,510232,47999,3151,513144,13239,3864,,30644,326974,,,15044,07/08/20,,
163,475902,52006,6495,79899,1001,57057,493,516310,46772,3115,520970,13093,3892,,30290,333030,,,14476,08/08/20,,
164,480278,52298,4376,80383,484,57314,257,518231,43547,3007,526911,12547,3708,,29667,338218,,,14405,09/08/20,,
165,485836,53003,5558,80898,515,57744,430,521342,39674,3004,532028,12546,3683,,28048,342486,,,14669,10/08/20,,
166,492522,53929,6686,81618,720,58373,629,529177,41317,2973,538333,12755,3832,,28370,348768,,,14667,11/08/20,,
167,498380,54666,5858,82510,892,59174,801,535461,42530,2902,542262,12765,3775,,29094,353783,,,14396,12/08/20,,
168,505751,55293,7371,83683,1173,59805,631,542505,43873,2852,553219,12611,3675,,30219,360886,,,14189,13/08/20,,
169,511369,55908,5618,84569,886,60361,556,549043,44983,2822,559974,12374,3646,,30366,368729,,,14106,14/08/20,,
170,517714,56543,6345,85667,1098,61010,649,554962,43010,2823,568359,12310,3653,,29306,377650,,,13659,15/08/20,,
171,522162,56757,4448,86159,492,61431,421,557978,41104,2803,573723,11988,3489,,28993,382289,,,13797,16/08/20,,
172,525733,57023,3571,86619,460,61620,189,560538,37867,2814,577531,12152,3536,,27107,386790,,,13786,17/08/20,,
173,531239,57774,5506,87329,710,62245,625,567210,39656,2811,584293,11877,3646,,27387,392187,,,13776,18/08/20,,
174,537031,58481,5792,88452,1123,62724,479,573193,40176,2889,591637,12093,3480,,27621,397619,,,13867,19/08/20,,
175,543806,59106,6775,89421,969,63194,470,579890,41916,2885,599525,12151,3503,,29143,403584,,,13678,20/08/20,,
176,549734,59610,5928,90351,930,63709,515,585598,41778,2807,606446,11943,3518,,29105,409797,,,13402,21/08/20,,
177,556216,60254,6482,91581,1230,64231,522,592086,42859,2765,614070,11734,3450,,30219,415648,,,12740,22/08/20,,
178,560164,60480,3948,92096,515,64595,364,595144,41563,2731,618779,11135,3264,,29865,419798,,,13024,23/08/20,,
179,563705,60800,3541,92343,247,64802,207,597353,36697,2720,622891,11445,3346,,26755,425036,,,13199,24/08/20,,
180,568621,61450,4916,92970,627,65128,326,603253,37965,2795,628937,11581,3442,,26627,431072,,,13058,25/08/20,,
181,573888,62076,5267,94200,1230,65787,659,608825,39616,2850,635729,11538,3305,,27292,436304,,,13006,26/08/20,,
182,579914,62594,6026,95185,985,66376,589,614467,41786,2878,643265,11475,3294,,28518,443157,,,12740,27/08/20,,
183,585738,63146,5824,96239,1054,66875,499,620448,42822,2891,650852,11189,3221,,28954,448223,,,12862,28/08/20,,
184,591712,63819,5974,97256,1017,67337,462,626730,43610,2875,658309,11260,3334,,29314,453895,,,12268,29/08/20,,
185,595841,64158,4129,97855,599,67486,149,629520,41959,2816,661474,10867,3060,,28981,458004,,,12299,30/08/20,,
186,599560,64414,3719,98450,595,67828,342,631969,38963,2839,668193,10834,3086,,27529,461319,,,12594,31/08/20,,
187,606036,65241,6476,99564,1114,68516,688,637752,39073,2914,676958,11074,3275,,28085,465998,,,12448,01/09/20,,
188,610957,65816,4921,100394,830,68844,328,643906,40599,2931,683438,10969,3191,,28283,471215,,,12160,02/09/20,,
189,616894,66329,5937,101571,1177,69502,658,650558,39940,2889,692319,10762,3061,,27498,477477,,,12089,03/09/20,,
190,623090,66851,6196,102938,1367,70075,573,657744,41578,2845,700502,10661,3135,,28254,482883,,,11663,04/09/20,,
191,629409,67326,6319,104255,1317,70390,315,664619,43237,2870,709182,10258,2999,,29493,488890,,,11503,05/09/20,,
192,634023,67558,4614,104981,726,70699,309,667634,41796,2820,715395,10154,2927,,29776,492606,,,11445,06/09/20,,
193,637509,67781,3486,105610,629,71045,346,669884,38393,2849,719981,10230,2836,,27852,495924,,,11922,07/09/20,,
194,642860,68484,5351,106769,1159,71618,573,676212,39236,2865,727817,10589,3030,,27775,500137,,,11675,08/09/20,,
195,647507,69095,4647,107613,844,71994,376,681321,39994,2906,734619,10375,2919,,27666,504793,,,11533,09/09/20,,
196,652364,69649,4857,108584,971,72401,407,686787,40909,2899,742268,10250,2892,,27711,510265,,,11394,10/09/20,,
197,658299,70183,5935,109806,1222,72941,540,692732,41025,2931,750813,10119,2936,,27611,515555,,,10990,11/09/20,,
198,663973,70604,5674,110809,1003,73353,412,698357,42259,2885,759188,9697,2899,,28696,521108,,,10489,12/09/20,,
199,668381,70821,4408,111443,634,74067,714,701352,40178,2858,765337,9377,2672,,28220,525020,,,10749,13/09/20,,
200,671716,71049,3335,111897,454,74214,147,703221,36616,2852,770196,9568,2747,,26642,528511,,,10997,14/09/20,,
201,676487,71678,4771,113118,1221,74894,680,708474,35262,2873,777715,9847,2841,,24735,534358,,,10739,15/09/20,,
202,680931,71978,4444,114268,1150,75412,518,712620,34749,2832,785019,9587,2703,,24428,538979,,,10379,16/09/20,,
203,684113,72179,3182,114736,468,75774,362,714892,32787,2812,789978,9253,2557,,23439,544715,,,10651,17/09/20,,
204,688954,72803,4841,115791,1055,76192,418,720985,34040,2788,797447,9438,2657,,23595,550287,,,10692,18/09/20,,
205,694121,73258,5167,116943,1152,76784,592,726944,34709,2830,804832,9562,2692,,23766,556151,,,10093,19/09/20,,
206,697663,73493,3542,117420,477,77015,231,729985,33709,2751,809373,9017,2481,,23512,560530,,,10243,20/09/20,,
207,700580,73697,2917,117808,388,77232,217,731617,30566,2705,813641,9103,2568,,21982,563812,,,10423,21/09/20,,
208,705263,74348,4683,118614,806,77823,591,737603,31961,2729,820675,9218,2672,,22023,568512,,,10158,22/09/20,,
209,710049,74949,4786,119866,1252,78330,507,743435,33489,2722,828280,8961,2677,,22416,572558,,,9777,23/09/20,,
210,715457,75439,5408,121087,1221,78909,579,749736,34223,2719,835985,8577,2622,,22225,576925,,,9762,24/09/20,,
211,720858,75844,5401,121931,844,79223,314,755715,35973,2666,843647,8509,2699,,23365,582455,,,9324,25/09/20,,
212,726431,76243,5573,123046,1115,79675,452,761314,37826,2632,851864,8195,2631,,25119,587730,,,8776,26/09/20,,
213,730317,76430,3886,123655,609,79907,232,763977,37189,2556,857958,7832,2385,,25794,591951,,,8735,27/09/20,,
214,733717,76603,3400,124314,659,80077,170,768492,36577,2542,875041,7675,2334,,24965,595113,,,9310,28/09/20,,
215,738163,77163,4446,125115,801,80562,485,771554,35525,2597,881622,8085,2592,,24842,599324,,,9208,29/09/20,,
216,743216,77646,5053,126371,1256,81038,476,777615,37565,2585,889134,8166,2458,,26055,603285,,,9098,30/09/20,,
217,748315,78078,5099,127463,1092,81532,494,783261,38647,2582,897156,8082,2433,,26744,606035,,,9194,01/10/20,,
218,753090,78492,4775,128529,1066,81814,282,788297,38851,2602,905584,8119,2522,,26690,610462,,,8819,02/10/20,,
219,757953,78880,4863,129484,955,82260,446,792965,39105,2608,913370,7789,2324,,26931,615241,,,8645,03/10/20,,+Correcci�n por dictaminaci�n 2609 defunciones
220,761665,79088,3712,130293,809,82591,331,795605,35724,2566,919591,7524,2401,,25136,618575,,,8792,04/10/20,,+Correcci�n por dictaminaci�n 578
221,789780,81877,3417,130964,671,82804,213,797367,32991,2556,925415,7727,2353,,23969,618703,,,8977,05/10/20,,+Correcci�n de asociaci�n epidemiol�gica 24120
222,794608,82348,4476,132156,1192,83344,540,921243,35336,2585,933316,7940,2417,,24129,622915,,,9108,06/10/20,,
223,799188,82726,4462,133106,950,83854,510,926906,36768,2597,940994,8030,2421,,24517,627323,,,9156,07/10/20,,
224,804488,83096,5300,137223,1065,87960,532,933255,38784,2586,948928,8010,2553,,26064,632361,,,9016,08/10/20,,
225,809751,83507,5263,138329,1106,88619,659,939600,39364,2586,956251,7852,2537,,25932,637351,,,8994,09/10/20,,
226,814328,83642,4577,139377,1048,88765,146,945737,41309,2585,964812,7843,2537,,26248,642789,,,8643,10/10/20,,
227,817503,83781,3175,139843,466,88866,101,947852,39511,2557,969859,7560,2391,,26515,646536,,,8835,11/10/20,,
228,821045,83945,3542,140525,682,89065,199,949722,36275,2597,975299,7770,2379,,25492,649772,,,9524,12/10/20,,
229,825340,84420,4295,141240,715,89507,442,955768,37463,2633,981171,8526,2452,,25390,653743,,,9721,13/10/20,,
230,829396,84898,4056,142379,1139,89986,479,963820,41008,2651,987457,8546,2625,,26276,658318,,,9583,14/10/20,,
231,834910,85285,5514,143549,1170,90369,383,971116,41995,2691,994695,8310,2617,,26279,663030,,,9518,15/10/20,,
232,841661,85704,6751,145006,1457,90979,610,977687,43708,2681,1004800,8348,2590,,28066,667386,,,9662,16/10/20,,
233,847108,86059,5447,146167,1161,91271,292,983791,45199,2701,1013186,8384,2617,,29178,671894,,,9495,17/10/20,,
234,851227,86167,4119,146952,785,91571,300,986618,44083,2715,1019821,8216,2579,,29279,675498,,,9602,18/10/20,,
235,854926,86338,3699,147663,711,91750,179,989265,40830,2735,1024804,8197,2561,,27690,703442,,,10200,19/10/20,,
236,860714,86893,5788,149109,1446,92547,797,996989,43226,2763,1032997,8795,2699,,28485,707715,,,10346,20/10/20,,
237,867559,87415,6845,150456,1347,93448,901,1005938,46249,2752,1041541,9053,2674,,29760,711773,,,10396,21/10/20,,
238,874171,87894,6612,151917,1461,94208,760,1014874,49319,2748,1049853,9100,2703,,30866,716594,,,10528,22/10/20,,
239,880775,88312,6604,153305,1388,94951,743,1023297,51532,2757,1058112,9103,2781,,31762,721439,,,10450,23/10/20,,
240,886800,88743,6025,154778,1473,95379,428,1030656,51114,2778,1066646,9038,2799,,30995,725585,,,10171,24/10/20,,
241,891160,88924,4360,155320,542,95530,151,1033977,49544,2757,1072760,8852,2627,,31008,728579,,,10297,25/10/20,,
242,895326,89171,4166,155899,579,95947,417,1036965,45826,2802,1078072,8799,2752,,29445,731874,,,10869,26/10/20,,
243,901268,89814,5942,157255,1356,96367,420,1045428,48350,2807,1086229,9490,2838,,30041,735526,,,10018,27/10/20,,
244,906863,90309,5595,158518,1263,96816,449,1054019,51425,2831,1094322,9521,2898,,30510,739087,,,10799,28/10/20,,
245,912811,90773,5948,159680,1162,97469,653,1061692,52032,2878,1102056,9451,2823,,30210,744137,,,10909,29/10/20,,
246,918811,91289,6000,160749,1069,97784,315,1068915,52955,2881,1110937,9453,2876,,30378,750372,,,10915,30/10/20,,
247,924962,91753,6151,162016,1267,98123,339,1075511,53838,2848,1120362,9552,2893,,31477,755355,,,10444,31/10/20,,
248,929392,91895,4430,162963,947,98365,242,1078810,50981,2823,1126280,9395,2802,,30570,759332,,,10487,01/11/20,,
249,933155,92100,3763,163418,455,98528,163,1080890,45702,2854,1132159,9466,2957,,28051,762826,,,10752,02/11/20,,
250,938405,92593,5250,164343,925,99073,545,1086179,42725,2862,1139452,9432,2694,,26359,768121,,,11044,03/11/20,,
251,943630,93228,5225,165151,808,99442,369,1094933,45512,2882,1145788,9572,2763,,26471,774331,,,10801,04/11/20,,
252,949197,93772,5567,166121,970,99810,368,1102262,46360,2889,1152767,9382,2800,,26617,780399,,,10874,05/11/20,,
253,955128,94323,5931,166895,774,100099,289,1110458,48250,2910,1160644,9542,2857,,27194,786452,,,10987,06/11/20,,
254,961938,94808,6810,168444,1549,100653,554,1118335,50468,2892,1170161,9584,2838,,28354,791992,,,10422,07/11/20,,
255,967825,95027,5887,170116,1672,100943,290,1122497,48441,2845,1179042,9422,2764,,28342,796133,,,10478,08/11/20,,
256,972785,95225,4960,170996,880,101344,401,1126209,45017,2943,1184968,9227,2615,,27286,800101,,,11010,09/11/20,,
257,978531,95842,5746,172403,1407,101705,361,1135266,47948,2970,1191522,9887,2899,,27200,805426,,,11450,10/11/20,,
258,986177,96430,7646,174127,1724,102163,458,1145146,51325,3100,1199946,10111,2866,,27919,810433,,,11031,11/11/20,,
259,991835,97056,5658,175946,1819,102510,347,1150013,50549,3150,1207633,10198,2938,,27793,815755,,,11662,12/11/20,,
260,997393,97624,5558,177396,1450,102791,281,1156697,50552,3219,1214852,10252,2941,,27167,821187,,,11444,13/11/20,,
261,1003253,98259,5860,179134,1738,103240,449,1163574,52131,3273,1222753,10223,2956,,28018,826703,,,11153,14/11/20,,
262,1006522,98542,3269,179791,657,103394,154,1166165,47099,3245,1227290,9905,2802,,25238,830850,,,11311,15/11/20,,
263,1009396,98861,2874,180210,419,103448,54,1168359,42922,3301,1230822,10110,2854,,23284,834294,,,11355,16/11/20,,
264,1011153,99026,1757,180621,411,103516,68,1169846,38497,3333,1233643,9989,2852,,20582,839379,,,11866,17/11/20,,
265,1015071,99528,3918,181913,1292,103755,239,1174696,37545,3347,1239269,10206,2903,,19595,844102,,,12119,18/11/20,,
266,1019543,100104,4472,183253,1340,104068,313,1180922,37473,3411,1244739,10559,3048,,18947,849093,,,12314,19/11/20,,
267,1025969,100823,6426,184636,1383,104341,273,1189234,39144,3414,1251784,10652,3078,,19867,854305,,,12340,20/11/20,,
268,1032688,101373,6719,185913,1277,104699,358,1197540,41480,3441,1259975,10635,3143,,20156,860565,,,11771,21/11/20,,
269,1041875,101676,9187,187229,1316,105470,771,1208237,45445,3387,1267962,10432,3001,,25187,866149,,,12107,22/11/20,,
270,1049358,101926,7483,188343,1114,106211,741,1217657,45635,3457,1274269,10510,3094,,25801,870859,,,12566,23/11/20,,Correcciones de clasificacion
271,1060152,102739,10794,191201,2858,107339,1128,1231797,49613,3455,1283714,10729,3208,,27918,875792,,,12772,24/11/20,,
272,1070487,103597,10335,193819,2618,108472,1133,1247079,56104,3542,1293654,11124,3335,,30227,882580,,,12721,25/11/20,,
273,1078594,104242,8107,196028,2209,109218,746,1258510,60532,3585,1303494,11085,3256,,31536,887593,,,12742,26/11/20,,
274,1090675,104873,12081,200199,4171,110584,1366,1268970,64023,3618,1331518,11019,3353,,39840,892520,,,12731,27/11/20,,
275,1100683,105459,10008,204448,4249,110779,195,1281267,67981,3664,1340993,10963,3320,,41604,897794,,,12527,28/11/20,,
276,1107071,105655,6388,206204,1756,111180,401,1285959,65470,3703,1349465,10865,3231,,41759,900867,,,12548,29/11/20,,
277,1113543,105940,6472,207699,1495,111699,519,1289336,61631,3752,1356344,10743,3195,,41866,903456,,,12800,30/11/20,,
278,1122362,106765,8819,211007,3308,112660,961,1300128,63927,3827,1369285,11149,3307,,43209,904388,,,13220,01/12/20,,
279,1133613,107565,11251,215006,3999,113557,897,1311629,67218,3897,1385223,11256,3357,,46412,907506,,,13058,02/12/20,,
280,1144643,108173,11030,219465,4459,114492,935,1323245,71519,3901,1402671,11311,3415,,49622,911370,,,13322,03/12/20,,
281,1156770,108863,12127,224291,4826,115499,1007,1334822,71844,3902,1420130,11320,3462,,50566,917106,,,12917,04/12/20,,
282,1168395,109456,11625,229418,5127,116599,1100,1346044,75761,3975,1438423,11130,3363,,54205,923232,,,12673,05/12/20,,
283,1175850,109717,7455,232009,2591,117013,414,1350987,73413,3981,1447851,11068,3232,,54088,932158,,,12803,06/12/20,,
284,1182249,110074,6399,233577,1568,117654,641,1354056,67513,4021,1456073,11107,3279,,51946,939284,,,13485,07/12/20,,
285,1193255,110874,11006,239006,5429,119071,1417,1366199,71323,4119,1472266,11365,3359,,54131,949278,,,13758,08/12/20,,
286,1205229,111655,11974,244062,5056,120284,1213,1379463,75391,4225,1490180,11797,3515,,56582,958832,,,13814,09/12/20,,
287,1217126,112326,11897,248976,4914,121562,1278,1392495,80420,4371,1507203,11830,3578,,60259,966268,,,13804,10/12/20,,
288,1229379,113019,12253,254543,5567,122885,1323,1405307,84393,4443,1525914,11830,3550,,63400,977656,,,14210,11/12/20,,
289,1241436,113704,12057,259553,5010,124094,1209,1418399,88480,4517,1543802,11920,3594,,66234,986979,,,13902,12/12/20,,
290,1250044,113953,8608,262794,3241,124966,872,1424802,86911,4540,1553633,12147,3560,,66994,993118,,,14000,13/12/20,,
291,1255974,114298,5930,264330,1536,125628,662,1428261,78956,4598,1561829,12338,3585,,62414,999245,,,14627,14/12/20,,
292,1267202,115099,11228,269226,4896,127301,1673,1442136,80182,4724,1578722,12690,3778,,61598,1007263,,,15193,15/12/20,,
293,1277499,115769,10297,273444,4218,128747,1446,1455143,83768,4834,1593851,12984,3824,,62961,1017844,,,15420,16/12/20,,
294,1289298,116487,11799,277733,4289,130015,1268,1468468,87337,4854,1610258,13308,3890,,65219,1028156,,,15149,17/12/20,,
295,1301546,117249,12248,282691,4958,131405,1390,1481994,90728,4938,1627840,13105,3905,,67400,1039521,,,15310,18/12/20,,
296,1313675,117876,12129,287682,4991,132641,1236,1494901,93117,5039,1645856,13078,3968,,69419,1050519,,,15433,19/12/20,,
297,1320545,118202,6870,290051,2369,133179,538,1500239,89775,5031,1655679,13116,3969,,68313,1057648,,,15689,20/12/20,,
298,1325915,118598,5370,291639,1588,133823,644,1504274,81967,5203,1662510,13433,3913,,62944,1063651,,,16095,21/12/20,,
299,1338426,119495,12511,297345,5706,135837,2014,1518981,85591,5347,1679953,13952,4109,,64947,1073760,,,16365,22/12/20,,
300,1350079,120311,11653,302199,4854,137348,1511,1532485,87935,5448,1696403,14094,4207,,66082,1084918,,,16191,23/12/20,,
301,1362564,121172,12485,307235,5036,138802,1454,1545978,88556,5463,1713533,14036,4256,2924,66598,1095954,2925,0,16239,24/12/20,2924,Inicio Pfizer-BioNTec (Estados Unidos)
302,1372243,121837,9679,310843,3608,139895,1093,1555735,87303,5503,1726810,14023,4258,2924,66196,1107542,2925,0,16029,25/12/20,2924,
303,1377217,122066,4974,312342,1499,140641,746,1558842,80088,5436,1732238,14111,4356,2924,61881,1119370,45825,0,16106,26/12/20,2924,
304,1383434,122426,6217,314260,1918,141115,474,1564284,76429,5584,1740784,14256,4228,6824,59944,1127618,45825,0,16593,27/12/20,6824,
305,1389430,122855,5996,315748,1488,141947,832,1568565,68726,5710,1746564,14384,4219,10724,54711,1133119,45825,0,17088,28/12/20,10724,
306,1401529,123845,12099,320251,4503,143488,1541,1582131,70203,5827,1762561,14580,4313,19809,54998,1143357,45825,0,17547,29/12/20,19809,
307,1413935,124897,12406,325364,5113,144923,1435,1597072,74737,5793,1779053,15011,4429,26462,57433,1152602,53625,0,16677,30/12/20,26462,
308,1426094,125807,12159,330273,4909,146199,1276,1611545,79283,5895,1794498,15127,4489,31925,59958,1163491,53625,0,17943,31/12/20,31925,
309,1437185,126507,11091,334137,3864,147443,1244,1622726,79213,5867,1808703,15247,4526,31925,60302,1175039,53625,0,17850,01/01/21,31925,
310,1443544,126851,6359,335746,1609,147922,479,1626681,74228,5945,1816687,15387,4601,36570,58103,1186824,53625,0,17393,02/01/21,36570,
311,1448755,127213,5211,337068,1322,148276,354,1631132,68578,6044,1821903,15401,4605,40534,53992,1193332,53625,0,17878,03/01/21,40538,
312,1455219,127757,6464,338311,1243,148901,625,1636238,63946,6060,1828472,15419,4583,44536,51496,1198158,53625,0,18822,04/01/21,44534,
313,1466490,128822,11271,342928,4617,150012,1111,1650632,68767,6077,1841820,16306,4610,48593,53894,1209604,107250,0,19402,05/01/21,48593,
314,1479835,129987,13345,348421,5493,151455,1443,1667100,76101,6152,1858324,16920,4685,53345,58364,1220092,107250,0,19661,06/01/21,53345,
315,1493569,131031,13734,354011,5590,153001,1546,1682874,81652,6257,1875639,17208,4746,58402,62168,1231533,107250,0,20242,07/01/21,58402,
316,1507931,132069,14362,359312,5301,154171,1170,1689963,87856,6411,1894843,17711,4866,67468,67184,1240174,107250,0,20205,08/01/21,67468,
317,1524036,133204,16105,364770,5458,155570,1399,1715495,93672,6498,1914083,17716,4945,74794,72978,1244013,107250,0,20830,09/01/21,74794,
318,1534039,133706,10003,367491,2721,156494,924,1723239,91773,6548,1924348,18060,4910,81300,73894,1249728,107250,0,20921,10/01/21,81300,
319,1541633,134368,7594,368957,1466,156965,471,1728402,84161,6581,1931903,18185,4954,87060,69492,1255062,107250,0,21450,11/01/21,87060,
320,1556028,135682,14395,374850,5893,158250,1285,1746062,91556,6641,1949790,18612,5216,92879,74158,1265847,546975,0,21944,12/01/21,92879,
321,1571901,136917,15873,381152,6302,160020,1770,1764051,98700,6730,1970965,19041,5270,192567,79748,1277018,549975,0,22278,13/01/21,192567,
322,1588369,137916,16468,387517,6365,161564,1544,1780649,103508,6747,1993222,19457,5166,329983,85091,1288178,549975,0,21621,14/01/21,329983,
323,1609735,139022,21366,395506,7989,164366,2802,1802093,106723,6832,2023489,19808,5174,415417,89202,1298163,549975,1958,22711,15/01/21,415417,
324,1630258,140241,20523,403501,7995,167190,2824,1822728,111884,6889,2050653,19992,5499,463246,94900,1303303,549975,2221,22410,16/01/21,461025,
325,1641428,140704,11170,407254,3753,168194,1004,1832697,108550,6939,2064296,19602,5213,468708,93453,1308051,549975,3484,22934,17/01/21,468708,
326,1649502,141248,8074,409551,2297,169105,911,1839876,98554,6900,2075246,20054,5359,492529,85249,1313971,549975,6546,23881,18/01/21,485983,
327,1668396,142832,18894,416989,7438,171125,2020,1861882,102797,7017,2100534,20803,5652,498122,87356,1323658,766350,9609,24131,19/01/21,488513,
328,1688944,144371,20548,424666,7677,173452,2327,1884272,108991,7123,2130111,21117,5736,501030,92349,1335464,766350,11402,24154,20/01/21,489628,
329,1711283,146174,22339,432631,7965,175900,2448,1907170,115495,7106,2160822,21076,5695,552335,98892,1347395,766350,18018,24219,21/01/21,534317,
330,1732290,147614,21007,439547,6916,178259,2359,1928321,119665,7048,2192426,21108,5763,594725,103411,1360317,766350,22472,24173,22/01/21,594725,
331,1752347,149084,20057,445982,6435,180558,2299,1948365,122986,7033,2223645,21147,5777,618768,107109,1374952,766350,22472,23714,23/01/21,596296,
332,1763219,149614,10872,448750,2768,181383,825,1957630,114449,7048,2238405,20617,5645,629626,100926,1384425,766350,25185,23751,24/01/21,604441,
333,1771740,150273,8521,450590,1840,182039,656,1964840,103319,7018,2250065,20871,5504,642105,91841,1391360,766350,28715,23830,25/01/21,616390,
334,1788905,152016,17165,456507,5917,183865,1826,1984184,106752,7008,2275673,20908,5784,652319,93502,1404012,766350,31314,23838,26/01/21,621005,
335,1806849,153639,17944,462892,6385,185808,1943,2003804,109960,6986,2305274,20737,5692,656044,95155,1418262,766350,31314,24297,27/01/21,624730,
336,1825519,155145,18670,469098,6206,187955,2147,2022421,112216,6933,2336673,21059,5893,657842,97751,1433224,766350,31314,23105,28/01/21,626528,
337,1841893,156579,16374,474355,5257,189751,1796,2039097,110602,6972,2365303,20127,5616,662217,96518,1453156,766350,31397,23319,29/01/21,630820,
338,1857230,158074,15337,479292,4937,191471,1720,2054194,110783,6943,2391571,20249,5750,670307,97418,1472184,766350,39009,22668,30/01/21,631298,
339,1864260,158536,7030,481327,2035,191963,492,2059964,104963,6859,2404305,19604,5568,673327,93327,1482892,766350,41842,22677,31/01/21,631485,
340,1869708,159100,5448,482472,1145,192396,433,2064109,92760,6751,2413174,19602,5639,675202,83093,1490402,766350,43455,22437,01/02/21,631747,
341,1874092,159533,4384,483608,1136,192800,404,2067855,83529,6731,2421043,19390,5532,677539,74963,1508863,766350,45748,22400,02/02/21,631791,
342,1886245,161240,12153,488328,4720,194299,1499,2082399,80941,6525,2443027,19481,5528,686601,70632,1527704,766350,54162,22199,03/02/21,632439,
343,1899820,162922,13575,493069,4741,195897,1598,2096374,81538,6494,2470493,19267,5588,695088,71170,1548361,766350,60742,21749,04/02/21,634346,
344,1912871,164290,13051,497070,4001,197319,1422,2109802,81223,6373,2494011,19100,5545,700316,70905,1568000,766350,64246,21247,05/02/21,636070,
345,1926080,165786,13209,501240,4170,198614,1295,2122323,81428,6247,2519182,18391,5567,710198,72088,1586561,766350,73100,20147,06/02/21,637098,
346,1932145,166200,6065,502482,1242,199135,521,2127448,76732,6191,2529728,17369,5244,713517,68660,1597019,766350,75836,19732,07/02/21,637681,
347,1936013,166731,3868,503290,808,199361,226,2130287,65789,6134,2537017,17178,5090,717820,59141,1605009,766350,79429,19799,08/02/21,638391,
348,1946751,168432,10738,506748,3458,200473,1112,2142274,66037,5982,2559186,17027,5207,724347,58334,1620473,766350,84218,19598,09/02/21,640115,
349,1957889,169760,11138,510630,3882,201816,1343,2154033,67536,5922,2584659,16911,5183,724707,59360,1637089,766350,84592,18315,10/02/21,640115,
350,1968566,171234,10677,514415,3785,203108,1292,2164636,67049,5813,2610849,15893,4798,725447,59196,1654285,766350,85332,18036,11/02/21,640115,
351,1978954,172557,10388,517866,3451,204460,1352,2174767,67668,5622,2635875,15552,4773,726002,60249,1669336,766350,85887,17473,12/02/21,640125,
352,1988695,173771,9741,521478,3612,205654,1194,2183993,67939,5451,2661038,14911,4835,726313,60975,1683459,766350,86198,16625,13/02/21,663484,
353,1992794,174207,4099,522875,1397,205957,303,2187511,64477,5346,2671356,14214,4567,726313,58390,1690053,1379625,86198,16242,14/02/21,829185,
354,1995892,174657,3098,523677,802,206257,300,2189873,56691,5256,2677841,13956,4395,749682,51745,1695051,1379625,86198,14550,15/02/21,958473,Inicio AstraZeneca (Inglaterra)
355,2004575,175986,8683,527111,3434,207337,1080,2199226,55901,5141,2700249,11947,4673,915383,50611,1698106,2239625,86198,14997,16/02/21,968838,
356,2013563,177061,8988,530465,3354,208488,1151,2208668,56545,4908,2722484,12267,4792,1058139,50967,1709184,2239625,99666,14477,17/02/21,1005227,
357,2022662,178108,9099,533825,3360,209581,1093,2217621,56981,4903,2746081,11870,4585,1318055,51737,1721712,2639625,249217,13964,18/02/21,1210886,
358,2030491,178965,7829,536058,2233,210534,953,2226306,56123,4836,2768503,11502,4407,1574158,51138,1733906,2639625,418931,13702,19/02/21,1236103,
359,2038276,179797,7785,538974,2916,211447,913,2233973,56533,4756,2790675,11240,4343,1656304,51729,1746283,2639625,445418,12751,20/02/21,1277187,
360,2041380,180107,3104,539990,1016,211705,258,2236606,53409,4690,2800513,10321,4106,1689158,49177,1752038,2839625,453055,12755,21/02/21,1336854,
361,2043632,180536,2252,540628,638,211918,213,2238558,47168,4627,2806582,10476,4075,1733404,43580,1755477,2839625,456217,12798,22/02/21,1425395,Inicio Sinovac (China)
362,2052266,181809,8634,543728,3100,212970,1052,2247852,49273,4553,2829177,10516,4129,1801156,44907,1764942,2839625,464302,12409,23/02/21,1562401,
363,2060908,182815,8642,546877,3149,214011,1041,2256757,49689,4486,2853080,10241,4002,1900784,45139,1775074,3039625,475389,11988,24/02/21,1708721,Inicio Sputnik V (Rusia)
364,2069370,183692,8462,549785,2908,214988,977,2264524,51130,4447,2877962,9931,3806,2088813,47028,1784874,3039625,526412,11793,25/02/21,1718034,
365,2076882,184474,7512,552532,2747,215795,807,2271803,51983,4392,2900152,9711,3869,2271032,47983,1794480,3039625,562311,11726,26/02/21,1818034,
366,2084128,185257,7246,555189,2657,216698,903,2278701,53393,4344,2922656,9653,3937,2383411,49369,1803438,3839625,565377,11066,27/02/21,1959525,
367,2086938,185715,2810,556135,946,216915,217,2281355,51029,4191,2930771,9104,3640,2455095,47328,1807079,3839625,565423,11100,28/02/21,2012853,
368,2089281,186152,2343,556885,750,217109,194,2283465,45682,4172,2936867,9131,3531,2526863,42488,1809740,3839625,583896,11338,01/03/21,2043941,
369,2097194,187187,7913,559842,2957,218073,964,2291863,47671,4136,2958732,9440,3632,2583435,43911,1817388,4691775,587995,11123,02/03/21,2085152,
370,2104987,188044,7793,562559,2717,218962,889,2299924,49627,4124,2980799,9223,3622,2633580,45641,1825519,4691775,589639,11097,03/03/21,2128766,
371,2112508,188866,7521,565417,2858,219888,926,2307524,50640,4158,3003730,9154,3593,2676035,46700,1833796,4691775,590883,10993,04/03/21,2162358,
372,2119305,189578,6797,567778,2361,220661,773,2314287,51094,4179,3024248,9100,3603,2731900,47224,1840913,4691775,603134,10785,05/03/21,2189790,
373,2125866,190353,6561,569851,2073,221397,736,2320836,50460,4158,3043100,8891,3565,2765805,46623,1847923,4691775,603447,9964,06/03/21,2245291,
374,2128600,190604,2734,570719,868,221584,187,2323324,48386,4040,3052083,8366,3182,2793106,44880,1850776,4691775,603636,10192,07/03/21,2495067,
375,2130477,190923,1877,571315,596,221759,175,2324954,43511,3989,3058081,8489,3264,2849630,40341,1852709,4691775,604339,10160,08/03/21,2882000,
376,2137884,191789,7407,574062,2747,222603,844,2332909,45085,3967,3078510,8355,3372,3100868,41394,1860477,5292375,605801,10533,09/03/21,3072380,
377,2144558,192488,6674,576521,2459,223370,767,2339561,46221,3941,3099351,8787,3342,3488118,42428,1868420,5429375,606622,10234,10/03/21,3295671,
378,2151028,193142,6470,578835,2314,224175,805,2345863,46388,3877,3119038,8465,3349,3779969,42650,1876228,5492375,607589,9744,11/03/21,3504420,
379,2157771,193851,6743,581406,2571,224881,706,2352147,46291,3825,3139893,8077,3210,4005131,42883,1883031,5492376,609640,9702,12/03/21,3730045,
380,2163875,194490,6104,583698,2292,225477,596,2358167,46870,3696,3159449,7982,3221,4214494,43583,1889638,6492375,609874,9182,13/03/21,3794719,
381,2166290,194710,2415,584531,833,225660,183,2360347,43317,3643,3167043,7525,3024,4339926,40444,1892228,6492376,609881,8911,14/03/21,3920889,
382,2167729,194944,1439,584927,396,225760,100,2361702,37056,3548,3170899,7374,2926,4404608,34508,1894337,6492377,609889,8797,15/03/21,4110741,
383,2169007,195119,1278,585348,421,225871,111,2362886,33167,3523,3175550,7294,2913,4530784,30888,1902075,7160250,609895,9255,16/03/21,4300720,
384,2175462,195908,6455,587760,2412,226608,737,2370183,35019,3478,3195667,7593,3122,4737622,32206,1909079,7160250,626881,9071,17/03/21,4412639,
385,2182188,196606,6726,590327,2567,227410,802,2376875,36273,3447,3217010,7474,2979,4947552,33637,1915902,8160250,646802,8745,18/03/21,4663347,
386,2187910,197219,5722,592456,2129,228018,608,2382647,36456,3430,3236540,7215,2900,5186751,33820,1922086,8160250,674112,8536,19/03/21,4895523,
387,2193639,197827,5729,594301,1845,228582,564,2388298,37468,3332,3254967,7045,2890,5459014,34911,1928039,8160250,695667,7621,20/03/21,5046896,
388,2195772,198036,2133,595046,745,228765,183,2390095,35515,3240,3261766,6343,2554,5612691,33319,1930564,8160250,716768,7615,21/03/21,5178215,
389,2197160,198239,1388,595468,422,228864,99,2391367,31839,3163,3266453,6227,2643,5781359,29914,1932238,9100720,734463,8002,22/03/21,5351319,Inicio CanSinoBio (China)
390,2203041,199048,5881,597673,2205,229545,681,2397991,33415,3135,3286455,6576,2700,5926967,30810,1938836,9588220,748752,7877,23/03/21,5460096,
391,2208755,199627,5714,599593,1920,230212,667,2403867,33996,3105,3305484,6445,2644,6119298,31251,1944931,9758845,767979,7879,24/03/21,5675286,
392,2214542,200211,5787,601373,1780,230870,658,2409459,34959,3040,3326206,6456,2662,6243886,32451,1950817,10758845,809889,7815,25/03/21,5901505,
393,2219845,200862,5303,603039,1666,231360,490,2414612,35633,2992,3345273,6366,2731,6487170,33213,1956909,10758845,811884,7575,26/03/21,6167510,
394,2224767,201429,4922,604468,1429,231879,519,2419218,36197,2920,3362504,6132,2585,6724789,33978,1962446,10823845,823284,7185,27/03/21,6230510,
395,2226550,201623,1783,605041,573,232012,133,2420746,34495,2898,3369134,5807,2496,6852596,32483,1964667,10823845,825158,6913,28/03/21,6518998,Vacunación de mi Mamá (Sinovac)
396,2227842,201826,1292,605454,413,232113,101,2421845,31301,2850,3374102,5677,2316,7018449,29544,1965903,12334445,850939,7323,29/03/21,6905214,
397,2232910,202633,5068,607167,1713,232689,576,2427325,31865,2826,3391278,5914,2633,7404912,29747,1966374,12821945,885914,7006,30/03/21,7186131,Vacunación de mi Papá (Pfizer-BioNTech)
398,2238887,203210,5977,608872,1705,233538,849,2432924,32775,2774,3410106,5627,2472,7851053,30506,1972252,13467220,945839,7020,31/03/21,7403660,
399,2244268,203664,5381,610654,1782,234161,623,2438110,32833,2741,3426205,5664,2501,8334250,30602,1978524,13467220,968562,6728,01/04/21,7924236,
400,2247357,203854,3089,611766,1112,234395,234,2440851,31002,2660,3437868,5542,2403,8644446,29163,1984056,14567220,998956,6776,02/04/21,8113230,
401,2249195,204011,1838,612417,651,234542,147,2442570,27833,2616,3445884,5421,2378,8887190,26293,1989628,14567920,1083530,6140,03/04/21,8372272,
402,2250458,204147,1263,612753,336,234620,78,2443755,25949,2562,3449820,5231,2100,9003600,24537,1991625,14567920,1111764,6561,04/04/21,8527554,
403,2251705,204399,1247,613058,305,234754,134,2445027,22914,2502,3453460,5324,2307,9287405,21590,1992761,15163420,1174175,6800,05/04/21,8617038,
404,2256380,205002,4675,614446,1388,235312,558,2450423,24419,2480,3470411,5485,2429,9675517,22369,1998039,15163420,1303245,6724,06/04/21,8627366,
405,2261879,205598,5499,615993,1547,235917,605,2456816,25855,2467,3487875,5464,2343,10089420,23715,2003157,15598250,1472382,6730,07/04/21,8818882,
406,2267019,206146,5140,617436,1443,236428,511,2460495,26784,2415,3507659,5406,2414,10642873,24626,2008396,16085750,1664658,6593,08/04/21,9232815,
407,2272064,207020,5045,618837,1401,236913,485,2465444,28179,2373,3526944,5286,2332,10984869,25791,2012825,16413350,1855048,6543,09/04/21,9426179,
408,2278420,209212,6356,620617,1780,237788,875,2470824,29370,2322,3545906,5245,2378,11204183,26896,2015555,16413350,1976517,5946,10/04/21,9552933,Actualización de dictaminación de defunciones
409,2280213,209338,1793,621287,670,237961,173,2472166,28072,2280,3553705,4885,1993,11395137,25891,2017212,16413350,2069821,5979,11/04/21,9673708,
410,2281840,209702,1627,621687,400,238299,338,2473194,25685,2271,3560695,4966,1931,11703164,23915,2018140,16900850,2223846,6431,12/04/21,9871026,
411,2286133,210294,4293,623124,1437,238792,493,2477729,27254,2252,3579530,5233,2263,12252769,24939,2022616,16900850,2550719,6448,13/04/21,10206463,
412,2291246,210812,5113,624799,1675,239331,539,2482686,29158,2242,3601028,5219,2267,12407625,26776,2028075,16900850,2632006,6291,14/04/21,10310521,
413,2295435,211213,4189,626047,1248,239725,394,2486596,29297,2246,3620139,5120,2210,12912963,27082,2033055,17888350,2954683,6096,15/04/21,10581915,
414,2299939,211693,4504,627326,1279,240198,473,2490643,30148,2173,3640254,4664,2372,13421708,28065,2035664,18887345,3286908,5894,16/04/21,10837356,
415,2304096,212228,4157,628622,1296,240693,495,2494348,30549,2120,3658555,4804,2018,13978181,28569,2036967,18887345,3681064,5485,17/04/21,11067294,
416,2305602,212339,1506,629218,596,240823,130,2495387,28470,2053,3665724,4534,1805,14240830,26759,2038119,18887345,3844491,5498,18/04/21,11196970,
417,2306910,212466,1308,629527,309,240919,96,2496235,25201,2031,3671573,4519,1844,14368074,23582,2039239,18887345,3927307,5872,19/04/21,11253761,
418,2311172,213048,4262,630819,1292,241356,437,2500504,26000,2029,3690902,4770,2101,14571509,24177,2043332,18887345,4111121,5752,20/04/21,11288822,
419,2315811,213597,4639,632255,1436,241813,457,2504706,26903,2042,3711827,4451,2289,15003610,25055,2048282,19574845,4512826,5623,21/04/21,11449064,
420,2319519,214095,3708,633423,1168,242180,367,2508276,27408,2002,3731161,4351,2225,15477517,25462,2052924,21024445,4978670,5406,22/04/21,11622868,
421,2323430,214504,3911,634752,1329,242530,350,2511865,27615,1980,3750844,4287,2065,15874809,25723,2057560,21610885,5347232,4961,23/04/21,11807897,
422,2326738,214853,3308,635689,937,242784,254,2514919,26890,1926,3769736,3861,1988,16214484,25184,2063567,21610885,5646105,4829,24/04/21,11961104,Segunda dosis Papá (Pfizer-BioNTech)
423,2328391,214947,1653,636109,420,242895,111,2516822,25369,1836,3776831,3743,1896,16410034,23934,2065266,22110885,5830079,4879,25/04/21,12038498,
424,2329534,215113,1143,636344,235,242981,86,2516905,22683,1795,3782620,3814,1848,16501739,21525,2066727,22110885,5917676,5125,26/04/21,12054021,
425,2333126,215547,3592,637401,1057,243315,334,2520820,23462,1739,3799345,3957,2046,16687189,21896,2070586,22110885,6096954,5078,27/04/21,12078308,
426,2336944,215918,3818,638536,1135,243654,339,2254654,24249,1688,3818315,3890,2001,16985391,22619,2075328,22598383,6390272,5009,28/04/21,12096308,
425,2340934,216447,3990,639655,1119,244002,348,2254655,24490,1629,3837336,3866,1990,17357993,22936,2078988,23983385,6752282,4894,29/04/21,12235767,
426,2344755,216907,3821,640705,1050,244255,253,2532212,24739,1580,3853823,3792,1888,17718806,23167,2083032,25424355,7100269,4610,30/04/21,12354467,
427,2347780,217168,3025,641559,854,244538,283,2534682,24897,1516,3868679,3646,1681,18080005,23391,2086928,25424355,7440439,4287,01/05/21,12477933,
428,2348873,217233,1093,641997,438,244629,91,2535559,23026,1450,3873333,3395,1605,18326726,21816,2088369,25424355,7650150,4289,02/05/21,12572997,
429,2349900,217345,1027,642270,273,244721,92,2536400,20527,1421,3877747,3426,1579,18471669,19566,2089565,25424355,7792707,4284,03/05/21,12625860,
430,2352964,217740,3064,643067,797,244953,232,2539819,20587,1394,3891423,3253,1771,18827623,19218,2093432,25424355,8062112,4388,04/05/21,12740897,
431,2355985,218007,3021,643981,914,245277,324,2543083,21246,1374,3906260,3363,1769,19340234,19661,2097804,25623195,8418291,4199,05/05/21,12984236,
432,2358831,218173,2846,644697,716,245541,264,2545817,21224,1350,3920882,3378,1659,19951121,19808,2101346,26623195,8790655,4232,06/05/21,13328238,Segunda dosis Mamá (Sinovac)
433,2361874,218657,3043,645512,815,245817,276,2548676,21706,1308,3936273,3241,1623,20540830,20154,2104773,27093685,9092249,3961,07/05/21,13715159,
434,2364617,218928,2743,646186,674,246030,213,2551490,21894,1263,3950100,3198,1550,21008618,20266,2107810,27093685,9325576,3795,08/05/21,14021482,
435,2365792,218985,1175,646448,262,246080,50,2552389,20193,1224,3956386,2997,1326,21228359,18894,2109406,27093685,9440251,3557,09/05/21,14148207,
436,2366496,219089,704,646570,122,246125,45,2553021,18020,1214,3960187,2875,1318,21300414,16902,2110445,27093685,9486795,3817,10/05/21,14176406,
437,2368393,219323,1897,647233,663,246292,167,2555046,17228,1220,3970048,3002,1562,21358971,16034,2113803,27885465,9501366,3953,11/05/21,14220401,
438,2371483,219590,3090,648011,778,246516,224,2558307,17913,1220,3983394,,,21589272,16497,2117354,28137285,9637032,3757,12/05/21,14368460,
439,2375115,219901,3632,648972,961,246972,456,2561884,18836,1176,3999299,,,21986456,17381,2121033,28925575,9861173,3657,13/05/21,14673682,
440,2377995,220159,2880,649686,714,247205,233,2564604,19239,1150,4014922,,,22413285,17789,2124596,29128275,10108593,3590,14/05/21,14996844,
441,2380690,220380,2695,650406,720,247452,247,2567139,19299,1126,4029225,,,22869482,17851,2127400,29163275,10412991,3419,15/05/21,15261062,
442,2381923,220433,1233,650697,291,247554,102,2568138,18408,1076,4035312,,,23168462,17236,2128440,29163275,10604476,3235,16/05/21,15454195,
443,2382745,220489,822,650827,130,247662,108,2568783,16506,1050,4039556,,,23301884,15606,2129411,29790255,10652500,3445,17/05/21,15544106,
444,2385512,220746,2767,651520,693,247923,261,2572052,17244,1021,4052294,,,23648037,15952,2132218,29790255,10838217,3359,18/05/21,15754442,
445,2387512,220850,2000,651967,447,248057,134,2574035,16963,993,4061676,,,24223297,15688,2135135,30375255,11131624,3219,19/05/21,16173646,
446,2390140,221080,2628,652650,683,248272,215,2576693,17763,966,4077085,,,24988066,16307,2137751,32074915,11384107,2623,20/05/21,16819083,
447,2392744,221256,2604,653180,530,248446,174,2579138,18199,901,4090719,,,25626413,16694,2140618,33469715,11584756,3204,21/05/21,17386061,
448,2395330,221597,2586,653784,604,248582,136,2581620,18786,846,4105228,,,26148948,17257,2143020,33469715,11720188,3018,22/05/21,17858127,
449,2396604,221647,1274,654031,247,248748,166,2582573,18074,811,4111265,,,26478866,16856,2144145,33469715,11784494,3274,23/05/21,18170321,
450,2397307,221695,703,654137,106,248789,41,2583046,16091,789,4115351,,,26655760,15201,2144801,34179015,11794554,3148,24/05/21,18338034,
451,2399790,221960,2483,654758,621,248983,194,2585914,16892,768,4128423,,,26953788,15580,2146433,34293675,11832208,3134,25/05/21,18610667,Estabilización de la epidemia nacional
452,2402722,222232,2932,655584,826,249239,256,2588888,17816,744,4143854,,,27709853,16424,2149251,34878675,11919690,3076,26/05/21,19327543,
453,2405772,222657,3050,656350,766,249628,389,2592017,18782,699,4157957,,,28506527,17299,2152458,37765275,12071010,3007,27/05/21,20082038,
454,2408778,223068,3006,657121,771,249892,264,2595027,19425,712,4171566,,,29239997,17903,2154927,37765275,12204779,2946,28/05/21,20721248,
455,2411503,223455,2725,657832,711,250093,201,2597783,19722,672,4184700,,,29861331,18126,2157235,37765275,12320589,2791,29/05/21,21259657,
456,2412810,223507,1307,658113,281,250218,125,2598821,19074,643,4189868,,,30293682,17782,2158416,37765275,12390240,2680,30/05/21,21636247,
457,2413742,223568,932,658220,107,250376,158,2599567,17309,619,4193522,,,30477703,16258,2159177,39888675,12415247,2825,31/05/21,21796967,
458,2420659,227840,6917,659928,1708,252469,2093,2605303,18108,591,4206602,,,30990908,16709,2157672,40177665,12604789,3066,01/06/21,22043213,
459,2423928,228146,3269,660725,797,252728,259,2608702,19224,599,4220451,,,31811931,17661,2159366,40762665,12919455,2956,02/06/21,22633460,
460,2426822,228362,2894,661446,721,252938,210,2611679,19656,596,4233482,,,32874857,18023,2161778,42347665,13417362,2888,03/06/21,23200887,
461,2429631,228568,2809,662053,607,253097,159,2614579,20525,563,4246084,,,33779982,18800,2164176,42347665,13801863,2850,04/06/21,23730336,
462,2432280,228754,2649,662631,578,253272,175,2617265,21358,552,4258736,,,34348213,19482,2166576,42347665,14118256,2774,05/06/21,24098361,
463,2433681,228804,1401,662992,361,253352,80,2618325,20516,529,4263734,,,34465461,19038,2167800,42347665,14158972,2708,06/06/21,24098361,
464,2434562,228838,881,663131,139,253414,62,2619014,18514,510,4266521,,,34600289,17353,2168469,43347665,14172467,2941,07/06/21,24186838,
465,2438011,229100,3449,663946,815,253595,181,2622893,19686,534,4279290,,,34658545,18024,2170690,43636655,14193288,2838,08/06/21,24224273,
466,2441866,229353,3855,664844,898,253842,247,2626598,21269,544,4293080,,,35166248,19269,2173369,44221655,14358881,3010,09/06/21,24570319,
467,2445538,229578,3672,665860,1016,254090,248,2630581,22711,565,4308261,,,36164011,20787,2176194,44806655,14639188,2925,10/06/21,25306211,
468,2448820,229823,3282,666589,729,254269,179,2633871,23425,545,4321612,,,36430953,21502,2178955,45106655,14747978,,11/06/21,25465992,
469,2452469,230097,3649,667479,890,254587,318,2637348,24654,528,4335420,,,36983641,22060,2181406,45106655,14911487,2881,12/06/21,25860841,
470,2454176,230150,1707,667881,402,254725,138,2638785,23895,508,4340435,,,37294959,21420,2182660,45106655,15003652,2881,13/06/21,26081614,
471,2455351,230187,1175,668038,157,254794,69,2639641,22117,520,4344566,,,37523062,20870,2183555,45106655,15062873,3127,14/06/21,26251224,Inicia Janssen (Estados Unidos)
472,2459601,230428,4250,669037,999,255586,792,2644113,22797,538,4358328,,,37803462,21224,2190231,46256655,15175659,3210,15/06/21,26422800,
473,2463390,230624,3789,669911,874,255816,230,2648147,24398,548,4371673,,,38248562,22551,2193304,47896815,15383285,3170,16/06/21,26665789,
474,2467643,230792,4253,670926,1015,256117,301,2652438,26126,543,4386304,,,38633462,24262,2196030,48481815,15551250,3203,17/06/21,26886856,
475,2471741,230959,4098,671941,1015,256399,282,2656526,27591,555,4400813,,,39153336,25645,2198672,49066815,15825432,3132,18/06/21,27253174,
476,2475705,231151,3964,672940,999,256582,183,2660507,28759,553,4414867,,,39623088,26829,2201129,49066815,16173003,2962,19/06/21,27543142,
477,2477283,231187,1578,673343,403,256656,74,2661908,27514,556,4420369,,,40031327,25826,2202494,50288115,16526469,3010,20/06/21,27753807,
478,2478551,231244,1268,673666,323,256712,56,2662891,25368,550,4424968,,,40227974,24026,2203318,50578275,16695831,3297,21/06/21,27896212,
479,2482784,231505,4233,674922,1256,256985,273,2667769,26986,575,4438282,,,40700954,25060,2206506,51163275,17047687,3238,22/06/21,28198409,
480,2487747,231847,4963,676145,1223,257272,287,2673172,29139,584,4454086,,,41368066,26775,2210019,51748275,17463895,3283,23/06/21,28590500,
481,2493087,232068,5340,677496,1351,257636,364,2678781,31425,585,4470317,,,42155839,28810,2213470,51748275,18006199,3218,24/06/21,29099499,
482,2498357,232346,5270,678996,1500,257992,356,2684120,33548,623,4487367,,,42791467,30868,2216474,51748275,18350137,3317,25/06/21,29520484,
483,2503408,232521,5051,680396,1400,258307,315,2689334,35833,619,4503137,,,43369096,32954,2219948,51748275,18634875,3146,26/06/21,29847977,
484,2505792,232564,2384,681122,726,258474,167,2691357,35016,645,4509597,,,43753814,32590,2221612,51961165,18863087,3263,27/06/21,30009547,
485,2507453,232608,1661,681574,452,258568,94,2692599,32520,670,4514516,,,43912990,30575,2222743,52769665,18953253,3365,28/06/21,30078813,
486,2513164,232803,5711,683409,1835,258990,422,2699175,35288,702,4529492,,,44385584,32508,2226798,53960195,19126940,3584,29/06/21,30385823,
487,2519269,233047,6105,685240,1831,259451,461,2705632,38179,729,4546112,,,45094950,35072,2230343,56751595,19358590,3690,30/06/21,30903150,
488,2525530,233248,6261,686968,1728,259913,462,2711805,40965,778,4562316,,,45898210,37824,2234395,57366595,19566228,3699,01/07/21,31510606,
489,2531229,233425,5699,688847,1879,260381,468,2717936,42826,772,4577444,,,46451716,39451,2238316,59731895,19686818,3703,02/07/21,31960060,
490,2537457,233580,6228,690995,2148,260922,541,2724166,45229,776,4593408,,,46945511,41886,2242125,59731895,19755489,3636,03/07/21,32397097,
491,2540068,233622,2611,691748,753,261133,211,2726574,42944,814,4598836,,,47197494,39957,2243661,59731895,19829015,3784,04/07/21,32575554,
492,2541873,233689,1805,692281,533,261292,159,2728164,39889,833,4603247,,,47316228,37241,2244862,60638895,19861575,4045,05/07/21,32661900,
493,2549862,233958,7989,695198,2917,261935,643,2736611,43573,892,4621202,,,47739783,40480,2248826,60638895,19937022,4103,06/07/21,33002466,
494,2558369,234192,8507,698043,2845,262645,710,2745730,48009,996,4639609,,,48499324,44305,2253555,62935885,20040922,4210,07/07/21,33691170,
495,2567821,234458,9452,701268,3225,263464,819,2755439,48902,1039,4658998,,,49202252,48902,2258629,63935885,20355222,4169,08/07/21,34155903,
496,2577140,234675,9319,704488,3220,264333,869,2764852,56907,1108,4679798,,,49857020,52926,2263682,65685285,20548715,4420,09/07/21,34627540,
497,2586721,234907,9581,707845,3357,265142,809,2774641,61566,1218,4700320,,,50362218,57356,2268501,66904585,20621383,4412,10/07/21,35065569,
498,2590500,234969,3779,709145,1300,265391,249,2777966,60008,1305,4707336,,,50698518,56336,2270823,66904585,20736615,4546,11/07/21,35287821,
499,2593574,235058,3074,710059,914,265587,196,2780294,56175,1365,4714053,,,50817979,55389,2272395,66904585,20766146,4983,12/07/21,35378414,
500,2604711,235277,11137,713909,3850,266627,1040,2792777,63093,1464,4734205,,,51331578,59066,2277887,67200595,20945773,5295,13/07/21,35728222,
501,2616827,235507,12116,717991,4082,267866,1239,2805870,70132,1571,4758388,,,51986413,65263,2283762,68936395,21108633,5415,14/07/21,36230549,
502,2629648,235740,12821,722391,4400,269097,1231,2819137,75870,1621,4782191,,,52704960,70723,2289790,69688175,21274238,5670,15/07/21,36789100,
503,2642068,236015,12420,726475,4084,270357,1260,2832039,82075,1716,4806757,,,53342673,76572,2295214,70837075,21396576,5890,16/07/21,37307725,
504,2654699,236240,12631,730359,3884,271572,1215,2845138,88094,1756,4830440,,,53915023,82260,2301217,73699175,21525199,5880,17/07/21,37759104,
505,2659137,236331,4438,731705,1346,271929,357,2849410,85512,1874,4838961,,,54282399,80013,2303737,73699175,21626694,6177,18/07/21,38029139,
506,2664444,236469,5307,733303,1598,272431,502,2853806,79445,1945,4847197,,,54542551,75063,2305404,74284175,21700199,6688,19/07/21,38222492,
507,2678297,236810,13853,737792,4489,273960,1529,2869606,85990,2053,4870888,,,55107724,79828,2313052,74837585,21996462,6975,20/07/21,38507285,
508,2693495,237207,15198,742540,4748,275563,1603,2885937,92738,2144,4897588,,,55911861,85678,2321162,77422585,22290247,7164,21/07/21,39043948,
509,2709739,237626,16244,747723,5183,277338,1775,2902985,100687,2209,4926053,,,56872930,93047,2330195,77422585,22613981,7576,22/07/21,39725060,
510,2726160,237954,16421,752501,4778,279311,1973,2920151,107963,2287,4955802,,,58249143,99639,2339186,77422585,23121276,7774,23/07/21,40632434,
511,2741983,238316,15823,756701,4200,280906,1595,2936318,112261,2328,4983843,,,59580006,103879,2348405,79422585,23602901,7836,24/07/21,41539250,
512,2748518,238424,6535,758683,1982,281513,607,2942593,109279,2415,4993681,,,60558289,101364,2352076,79422585,23955609,8170,25/07/21,42180955,
513,2754438,238595,5920,760440,1757,282067,554,2947554,101630,2459,5003743,,,60855690,101630,2354979,79422585,24048259,8864,26/07/21,42429051,
514,2771846,239079,17408,765441,5001,284008,1941,2966646,108535,2530,5030535,,,61858631,100362,2365632,79830915,24428264,8995,27/07/21,43089310,
515,2790874,239616,19028,770536,5095,286125,2117,2986961,117368,2704,5060298,,,63313209,108157,2377211,82415915,24856170,9574,28/07/21,44188943,
516,2810097,239997,19223,775465,4929,288202,2077,3006930,124688,2723,5091719,,,64489596,115095,2389651,82415915,25205090,9858,29/07/21,45066028,
517,2829443,240456,19346,780711,5246,290172,1970,3026891,131644,2770,5122687,,,65631680,121769,2401612,86019915,25511123,10075,30/07/21,45952314,
518,2848252,240906,18809,785843,5132,292185,2013,3046208,137777,2820,5151738,,,66712486,127690,2413793,86439145,25727786,9773,31/07/21,46866125,Mi primera dosis (Sinovac) 
519,2854992,241034,6740,787339,1496,292617,432,3052296,131632,2852,5161334,,,67355342,122635,2418103,86539145,25792543,10313,01/08/21,47463637,
520,2861498,241279,6506,788997,1658,293257,640,3057961,120248,2945,5170750,,,67594385,112478,2423165,86539145,25808916,11101,02/08/21,47690704,
521,2880409,241936,18911,793882,4885,295320,2063,3078592,123109,3009,5198519,,,68089659,114169,2436361,88622205,25912407,11251,03/08/21,48095458,
522,2901094,242547,20685,799306,5424,297540,2220,3100599,130534,3071,5228850,,,68825948,120646,2450948,89207205,26152992,11752,04/08/21,48616734,
523,2922663,243165,21569,804298,4992,299839,2299,3123084,138096,3094,5259630,,,69820231,127660,2466574,89207205,26503580,11704,05/08/21,49299175,
524,2944226,243733,21563,809616,5318,301988,2149,3145307,144176,3035,5290759,,,70808386,133290,2482427,89553745,26834257,11997,06/08/21,49994722,
525,2964244,244248,20018,814132,4516,303948,1960,3165888,148800,3057,5319948,,,71654978,137684,2497735,91121345,27134249,11832,07/08/21,50571586,
526,2971817,244420,7573,815833,1701,304441,493,3172544,139361,3035,5330849,,,72132661,129614,2504098,91121345,27363404,12085,08/08/21,50835215,
527,2978330,244690,6513,817561,1728,304869,428,3178075,125862,3043,5339917,,,72488230,117496,2509748,91237045,27502230,12696,09/08/21,51061391,
528,2997885,245476,19555,822336,4775,306703,1834,3200266,129468,3110,5366270,,,72986350,119008,2526370,91526035,27677695,12989,10/08/21,51404453,
529,3020596,246203,22711,827873,5537,308871,2168,3224884,137052,3135,5397014,,,73771750,125149,2544671,92111035,28011649,13012,11/08/21,51914599,
530,3045571,246811,24975,833802,5929,311224,2353,3251067,146525,3138,5432092,,,74802779,133780,2563286,92111035,28384141,13185,12/08/21,52624341,
531,3068329,247414,22758,838710,4908,313286,2062,3274944,153081,3187,5466696,,,75780229,139620,2582029,92111035,28746570,13092,13/08/21,53298457,
532,3091971,248167,23642,843818,5108,315566,2280,3298196,160407,3157,5503612,,,76587422,147476,2600085,92111035,29046598,12970,14/08/21,53837225,
533,3101266,248380,9295,845594,1776,316118,552,3305243,147704,3129,5516497,,,77225451,137661,2606612,92261035,29239686,12970,15/08/21,54305039,
534,3108438,248652,7172,846775,1181,316549,431,3310989,133866,3057,5527343,,,77573466,125876,2612846,92261035,29402096,13547,16/08/21,54532420,
535,3123252,249529,14814,850361,3586,317821,1272,,133159,3090,5550267,,,78098989,123226,2630880,93407915,29629517,13710,17/08/21,54872594,
536,3152205,250469,28953,856664,6303,320511,2690,3359468,145716,3114,5590134,,,78765073,133970,2650625,93992915,29903441,13907,18/08/21,55307523,
537,3175211,251319,23006,860233,3569,322459,1948,3382683,149500,3094,5626962,,,79399398,138027,2671344,93992915,30219721,14050,19/08/21,55643238,
538,3197108,252080,21897,864599,4366,324281,1822,3404837,152130,3063,5662694,,,79933762,140842,2692146,93992915,30438435,13771,20/08/21,55928566,
539,3217415,252927,20307,868729,4130,326070,1789,3425605,154064,3011,5696109,,,80404167,142526,2711317,93992915,30746818,13507,21/08/21,56165373,
540,3225073,253155,7658,870518,1789,326509,439,3431418,142109,2954,5708261,,,80683665,132929,2718662,93992915,30919930,13575,22/08/21,56277083,
541,3231616,253526,6543,871794,1276,326857,348,3436599,126739,2869,5719950,,,80886612,119537,2724804,93992915,30991824,13980,23/08/21,56409551,
542,3249878,254466,18262,875327,3533,328336,1479,3456893,124835,2859,5748862,,,81274760,116301,2743419,96826355,31219643,14109,24/08/21,56575083,Inicia Moderna (Estados Unidos)
543,3271128,255452,21250,879196,3869,330242,1906,3479471,129251,2845,5782528,,,81923702,119712,2765144,97411355,31703790,13660,25/08/21,56742139,
544,3291761,256287,20633,882878,3682,331980,1738,3500578,132418,2807,5815102,,,82678717,122595,2789284,97411355,32278249,13551,26/08/21,56925095,
545,3311317,257150,19556,886318,3440,333488,1508,3520283,133804,2727,5846964,,,83433577,124133,2811179,97411355,32801616,13255,27/08/21,57164235,
546,3328863,257906,17546,889391,3073,335058,1570,3537823,134239,2677,5876542,,,84026447,124625,2834065,97411355,33220439,12779,28/08/21,57343646,Mi segunda dosis (Sinovac)
547,3335700,258165,6837,890684,1293,335436,378,3543113,122890,2682,5887023,,,84379551,115207,2843101,97411355,33489676,12761,29/08/21,57440626,
548,3341264,258491,5564,891571,887,335654,218,3547398,108641,2625,5895707,,,84549082,102559,2849947,98054855,33620717,12813,30/08/21,57547462,
549,3352410,259326,11146,894296,2725,336402,748,3560490,105632,2615,5914362,,,84946443,98039,2863926,98842265,33922392,12981,31/08/21,57798967,
550,3369747,260503,17337,897323,3027,337715,1313,3578686,107520,2618,5940321,,,85375481,99348,2891702,103296665,34282292,12658,01/09/21,58008815,
551,3387885,261496,18138,900296,2973,339258,1543,3597450,110846,2545,5969672,,,85845792,102235,2913715,103296665,34656277,12524,02/09/21,58238589,
552,3405294,262221,17409,903089,2793,340608,1350,3615028,108655,2494,5997100,,,86307586,100258,2934887,103296665,35032194,12280,03/09/21,58472846,
553,3420880,262868,15586,905935,2846,341759,1151,3631946,110886,2412,6023497,,,86793531,101558,2954547,103296665,35425324,11729,04/09/21,58749621,
554,3428384,263140,7504,907219,1284,342096,337,3637953,104089,2347,6035448,,,87014220,96604,2961933,103296665,35623880,11343,05/09/21,58906303,
555,3433511,263470,5127,908039,820,342383,287,3642370,92970,2241,6043769,,,87224714,86623,2968146,104296965,35813552,11456,06/09/21,59059884,
556,3449295,264541,15784,910820,2781,343672,1289,3660573,96051,2206,6069687,,,87750381,87776,2985337,104269965,36190731,11369,07/09/21,59334972,
557,3465171,265420,15876,913475,2655,344980,1308,3677152,97611,2183,6097127,,,88593229,88964,3005708,104854965,36864200,10913,08/09/21,59614774,
558,3479999,266150,14828,915865,2390,346178,1198,3691952,99630,2153,6122265,,,89500945,91417,3025611,106376715,37513581,10659,09/09/21,59925105,
559,3494232,266849,14233,918214,2349,347368,1190,3706600,100643,2153,6147156,,,90366606,92344,3044468,106376715,38161378,10468,10/09/21,60186714,
560,3506743,267524,12511,920339,2125,348366,998,3719517,99784,2036,6170322,,,91182279,91532,3061339,106376715,38782067,10050,11/09/21,60468615,
561,3511882,267748,5139,921126,787,348617,251,3723390,92485,1967,6179289,,,91720391,85981,3067952,106376715,39070943,9956,12/09/21,60759845,
562,3516043,267969,4161,921777,651,348819,202,3726521,82203,1949,6186484,,,92080595,77172,3073295,106576715,39319931,9955,13/09/21,60921470,
563,3528972,269015,12929,924237,2460,350144,1325,3741696,84785,1940,6209352,,,92749295,77965,3083395,106804865,39850745,9922,14/09/21,61175097,
564,3542189,269912,13217,926461,2224,351341,1197,3755667,83834,1952,6232916,,,93588719,76901,3099835,107389865,40532869,9712,15/09/21,61407799,
565,3549229,270346,7040,927812,1351,351710,369,3762477,79963,1952,6246776,,,94144251,73676,3117539,109473465,40997724,9440,16/09/21,61573170,
566,3552983,270538,3754,928183,371,352178,468,3765137,72172,1903,6254758,,,94300526,67371,3134756,109473465,41115211,9503,17/09/21,61616895,
567,3564694,271303,11711,930227,2044,353127,949,3778171,74344,1860,6275980,,,94858068,68520,3149577,109473465,41463209,9041,18/09/21,61886401,
568,3569677,271503,4983,931135,908,353717,590,3782255,68539,1790,6284740,,,95271399,63874,3156881,109473465,41698947,8927,19/09/21,62089019,
569,3573044,271765,3367,931634,499,353951,234,3785282,60434,1790,6291392,,,95638622,56503,3161746,109473465,41918336,8913,20/09/21,62254786,
570,3585565,272580,12521,933802,2168,355193,1242,3799845,64175,1752,6313625,,,96080633,58415,3176715,111541615,42200082,8745,21/09/21,62466037,
571,3597168,273391,11603,935753,1951,356361,1168,3812035,66254,1703,6537164,,,96793184,60226,3191780,114047815,42715579,8569,22/09/21,62692366,
572,3608976,274139,11808,937969,2216,357403,1042,3823858,67949,1646,6361631,,,97523713,62090,3205860,114047815,43248659,8294,23/09/21,62911164,
573,3619115,274703,10139,939700,1731,358284,881,3834244,67092,1585,6384433,,,98282544,61349,3219529,114047815,43820430,8026,24/09/21,63125382,
574,3628812,275299,9697,941458,1758,359114,830,3844097,68502,1575,6406149,,,98895325,62816,3231444,114047815,44278675,7509,25/09/21,63317849,
575,3632800,275446,3988,942194,736,359427,313,3847383,64452,1522,6415423,,,99186517,58825,3236436,114947815,44511000,,26/09/21,63396136,
