Mexico,China,Argentina,Paraguay,Chile,United States,Canada,Brazil,Cuba,El Salvador,Panama,Colombia,Peru,Uruguay,Russia,Germany,United Kingdom,date
,,,,,0.01,,,,,,,,,,,,2020-12-13
,,,,,0.01,0.0,,,,,,,,,,,2020-12-14
,0.0035714285714285,,,,0.02,0.0,,,,,,,,0.02,,,2020-12-15
,0.0037452142857142,,,,0.07,0.01,,,,,,,,,,,2020-12-16
,0.0043428571428571,,,,0.15,0.02,,,,,,,,,,,2020-12-17
,0.0055042142857142,,,,0.28,0.03,,,,,,,,,,,2020-12-18
,0.0073348571428571,,,,0.33,0.03,,,,,,,,,,,2020-12-19
,0.0099634285714285,,,,0.36,0.03,,,,,,,,,,,2020-12-20
,0.0135126428571429,,,,0.48,0.06,,,,,,,,,,,2020-12-21
,0.0181052142857143,,,,0.61,0.07,,,,,,,,0.04,,,2020-12-22
,0.023864,,,,0.79,0.09,,,,,,,,,,,2020-12-23
0.0023203766590296,0.0309117857142857,,,0.0,0.85,0.12,,,,,,,,,,,2020-12-24
0.0023203766590296,0.0393713571428571,,,0.03,0.85,0.13,,,,,,,,,,,2020-12-25
0.0023203766590296,0.0493654285714286,,,0.04,0.89,0.13,,,,,,,,,,,2020-12-26
0.0054152702876943,0.0610168571428571,,,0.05,0.92,0.14,,,,,,,,,0.03,,2020-12-27
0.008510163916359,0.0744483571428571,,,0.05,1.1,0.16,,,,,,,,,0.05,,2020-12-28
0.0157196789462099,0.0897827142857143,0.0,,0.05,1.32,0.19,,,,,,,,,0.11,,2020-12-29
0.0209992500517244,0.107142857142857,,,0.05,1.57,0.22,,,,,,,,,0.19,,2020-12-30
0.0253344818192616,0.321428571428571,0.07,,0.05,1.69,0.26,,,,,,,,,0.25,,2020-12-31
0.0253344818192616,0.328571428571429,,,0.05,1.72,0.28,,,,,,,,,0.28,,2021-01-01
0.0290205794872481,0.3899535,,,0.05,1.8,0.29,,,,,,,,0.55,0.33,,2021-01-02
0.0321662611139217,0.445603071428571,,,0.05,1.84,0.3,,,,,,,,,0.36,,2021-01-03
0.035342098114413,0.490379714285714,0.09,,0.05,2.04,0.36,,,,,,,,,0.42,,2021-01-04
0.0385615810506932,0.526286214285714,,,0.05,2.29,0.41,,,,,,,,,0.48,,2021-01-05
0.0423325899028508,0.555325071428571,,,0.06,2.59,0.49,,,,,,,,,0.55,,2021-01-06
0.0463456353080193,0.578571428571429,,,0.06,2.94,0.58,,,,,,,,,0.62,,2021-01-07
0.0535400726509614,0.6,0.24,,0.06,3.32,0.69,,,,,,,,,0.7,,2021-01-08
0.0593537112980377,0.642857142857143,,,0.06,3.47,0.79,,,,,,,,,0.77,,2021-01-09
0.0645166287206255,0.657857142857143,,,0.06,3.54,0.85,,,,,,,,,0.81,3.93,2021-01-10
0.0690875485414226,0.677142857142857,,,0.06,3.87,0.95,,,,,,,,,0.89,4.17,2021-01-11
0.0737052885478841,0.692857142857143,,,0.06,4.24,1.03,,,,,,,,,0.99,4.5,2021-01-12
0.1528139439464293,0.714285714285714,0.37,,0.06,4.64,1.11,,,,,,,,0.69,1.12,4.92,2021-01-13
0.2618621241711954,0.745089,,,0.1,5.04,1.22,,,,,,,,,1.22,5.39,2021-01-14
0.3296593401382056,0.785614428367473,0.44,,0.11,5.41,1.35,,,,,,,,,1.33,5.9,2021-01-15
0.367614639462668,0.834072071428571,,,0.12,5.61,1.45,,,,,,,,,1.4,6.34,2021-01-16
0.3719490776677364,0.888672214285714,,,0.12,5.7,1.53,0.0,,,,,,,,1.46,6.62,2021-01-17
0.3908525292391266,0.947624857142857,,,0.17,5.97,1.64,0.0,,,,,,,,1.55,6.93,2021-01-18
0.3952909241276193,1.00914028571429,,,0.27,6.37,1.74,0.01,,,,,,,,1.7,7.43,2021-01-19
0.3975986037871467,1.07142857142857,0.54,,0.32,6.85,1.85,0.05,,,0.01,,,,,1.86,7.97,2021-01-20
0.4383123262534652,1.14375492857143,0.58,,0.34,7.34,1.97,0.09,,,0.06,,,,,1.98,8.58,2021-01-21
0.4719514393096438,1.23071428571429,0.61,,0.34,7.83,2.07,0.22,,,0.12,,,,,2.1,9.28,2021-01-22
0.4910310617491272,1.326514,0.63,,0.34,8.11,2.14,0.27,,,0.13,,,,,2.21,10.0,2021-01-23
0.4996475630363173,1.42135714285714,0.64,,0.34,8.22,2.18,0.29,,,0.15,,,,,2.26,10.33,2021-01-24
0.5095504290855755,1.50785714285714,0.64,,0.35,8.64,2.24,0.37,,,0.15,,,,,2.37,10.74,2021-01-25
0.5176558761428014,1.57900214285714,0.67,,0.35,9.14,2.32,0.49,,,0.17,,,,,2.49,11.2,2021-01-26
0.5206118963394106,1.62621428571429,0.7,,0.35,9.72,2.38,0.62,,,0.2,,,,,2.62,11.66,2021-01-27
0.5220387216584719,1.65071428571429,0.72,,0.35,10.31,2.44,0.73,,,0.2,,,,,2.73,12.27,2021-01-28
0.5255105574598586,1.67714285714286,0.75,,0.35,10.89,2.5,0.9,,,0.2,,,,,2.86,12.99,2021-01-29
0.5319304778331656,1.67714285714286,0.8,,0.35,11.2,2.54,0.96,,,,,,,,2.96,13.88,2021-01-30
0.5343270364892085,1.71428571428571,,,0.35,11.33,2.55,0.97,,,,,,,,3.03,14.35,2021-01-31
0.5358149661183742,1.855,0.82,,0.35,11.75,2.6,1.07,,,0.24,,,,,3.18,14.87,2021-02-01
0.5376695216081664,1.88028571428571,,,0.42,12.26,2.63,1.18,,,0.27,,,,,3.33,15.42,2021-02-02
0.5448607847012329,2.22857142857143,0.87,,1.31,12.91,2.67,1.31,,,0.28,,,,,3.53,16.12,2021-02-03
0.5515957493746887,2.36388171428571,0.97,,2.22,13.61,2.72,1.44,,,0.28,,,,,3.69,16.83,2021-02-04
0.5557444939620371,2.49254707142857,,,3.11,14.32,2.78,1.59,,,0.28,,,,,3.87,17.56,2021-02-05
0.5635864782795921,2.61217228571429,1.03,,3.25,14.72,2.84,1.66,,,,,,,,3.98,18.37,2021-02-06
0.5662203121138326,2.72036242857143,1.1,,3.3,14.85,2.88,1.68,,,,,,,,4.04,18.78,2021-02-07
0.5696350114174594,2.81472235714286,1.12,,4.51,15.33,2.93,1.79,,,,,0.0,,,4.17,19.3,2021-02-08
0.5748145936518938,2.89285714285714,1.13,,5.87,15.92,3.0,1.93,,,0.29,,0.01,,,4.33,19.91,2021-02-09
0.5751002761406937,2.95921385714286,1.17,,7.33,16.61,3.08,2.06,,,,,0.06,,,4.52,20.57,2021-02-10
0.5756875123676711,3.02019259121951,1.26,,8.66,17.34,3.17,2.19,,,,,0.16,,,4.69,21.32,2021-02-11
0.5761279395379041,3.07632721874769,1.3,,9.85,18.12,3.27,2.4,,,,,0.26,,,4.88,22.13,2021-02-12
0.5763747374657284,3.12815177576535,1.33,,10.01,18.56,3.36,2.45,,,,,0.32,,,5.01,22.87,2021-02-13
0.5763747374657284,3.17620025771612,1.34,,10.03,18.74,3.4,2.47,,,,,0.33,,,5.08,23.22,2021-02-14
0.594919498801181,3.22100666004361,1.34,,11.41,19.09,3.43,2.62,,,,,0.37,,,5.23,23.64,2021-02-15
0.726413593458455,3.26310497819143,1.34,,12.56,19.58,3.5,2.75,,,,,0.39,,,5.39,24.19,2021-02-16
0.8396993972670851,3.30302920760322,1.34,,13.54,20.17,3.55,2.9,,0.0,,0.0,0.4,,,5.58,24.92,2021-02-17
1.045958979930678,3.34131334372257,1.39,,14.35,20.73,3.63,3.05,,,0.7,0.02,0.42,,,5.75,25.61,2021-02-18
1.2491927089003998,3.37849138199312,1.47,,15.09,21.33,3.76,3.18,,,0.93,0.04,0.52,,,5.94,26.17,2021-02-19
1.314380691469705,3.41509731785848,1.55,,15.14,21.72,3.89,3.25,,,1.04,0.06,0.59,,,6.07,26.68,2021-02-20
1.340452392822564,3.45166514676226,1.58,,15.14,21.9,4.0,3.28,,,1.09,0.08,0.61,,,6.17,26.9,2021-02-21
1.3755643578209993,3.48872886414809,1.58,0.0,15.71,22.34,4.17,3.41,,0.09,1.4,0.09,0.7,,,6.36,27.21,2021-02-22
1.4293298022131251,3.52682246545958,1.64,0.01,16.2,22.93,4.3,3.53,,,1.48,0.09,0.78,,,6.56,27.73,2021-02-23
1.508390843863537,3.56647994614035,1.71,0.01,16.65,23.69,4.42,3.64,,,1.83,0.1,0.85,,,6.78,28.43,2021-02-24
1.6576036013261508,3.60823530163402,1.82,0.02,17.09,24.57,4.57,3.79,,0.25,2.04,0.13,0.9,,,7.0,29.2,2021-02-25
1.8022057608445232,3.6526225273842,1.98,0.02,17.5,25.51,4.75,3.89,,,2.43,0.16,0.95,,,7.26,29.98,2021-02-26
1.8913855175357308,3.70017561883451,2.16,,17.55,26.11,4.92,3.94,,,2.61,0.22,0.97,0.01,,7.43,30.62,2021-02-27
1.9482712495555257,3.75142857142857,2.25,0.02,17.56,26.37,5.04,3.96,,,2.72,0.25,0.97,0.01,,7.56,30.92,2021-02-28
2.0052236408227078,3.8046197411232,2.3,0.02,18.27,26.98,5.19,4.13,,,2.79,0.29,1.0,0.53,,7.8,31.26,2021-03-01
2.050117056812661,3.85788525645698,2.47,0.02,19.16,27.73,5.39,4.34,,,3.03,0.33,1.02,0.95,3.6,8.06,31.67,2021-03-02
2.089910246815069,3.91160577174614,2.59,0.02,20.79,28.6,5.59,4.55,,,3.11,0.37,1.08,1.56,3.76,8.35,32.18,2021-03-03
2.123600941431725,3.96616194130693,2.75,0.02,22.41,29.57,5.8,4.75,,,3.43,0.4,1.18,1.82,4.12,8.65,32.83,2021-03-04
2.1679333087561745,4.0219344194556,2.98,0.02,23.96,30.54,6.03,4.94,,,3.81,0.47,1.29,2.09,4.32,8.98,33.56,2021-03-05
2.1948390442638352,4.0793038605084,,0.02,24.13,31.16,6.22,5.06,,,4.44,0.53,1.35,2.09,4.51,9.22,34.21,2021-03-06
2.216504093226957,4.13865091878156,3.35,,24.17,31.44,6.37,5.12,,,4.76,0.58,1.36,2.09,4.56,9.39,34.48,2021-03-07
2.261359418218404,4.20035624859133,3.39,0.03,26.0,32.09,6.6,5.31,,,4.83,0.62,1.45,2.9,4.57,9.68,34.86,2021-03-08
2.460732465776984,4.26480050425397,3.62,0.03,27.96,32.91,6.79,5.49,,,4.9,0.79,1.53,3.52,4.59,9.98,35.28,2021-03-09
2.76803953185401,4.3323643400857,3.89,0.04,30.05,33.85,6.99,5.69,,,5.13,0.94,1.59,4.24,4.83,10.33,35.78,2021-03-10
2.999641531961554,4.40342841040278,4.21,0.07,32.22,34.89,7.25,5.89,,,5.33,1.15,1.63,4.89,4.99,10.67,36.3,2021-03-11
3.1783216445814,4.47837336952146,4.6,0.11,34.17,35.92,7.55,6.08,,,,1.35,1.71,5.54,,11.06,36.97,2021-03-12
3.3444642637552784,4.55757987175798,5.03,0.14,34.43,36.58,7.83,6.18,,,,1.53,1.82,5.84,,11.34,37.8,2021-03-13
3.4440023913528863,4.64142857142857,5.22,0.16,34.47,36.88,8.07,6.21,,0.38,,1.64,1.83,5.84,,11.55,38.21,2021-03-14
3.4953315989655245,4.73269304730216,5.27,0.17,36.71,37.56,8.4,6.43,,,,1.78,1.97,6.16,,11.84,38.86,2021-03-15
3.595460137039985,4.83424757064602,5.57,0.18,38.84,38.43,8.72,6.64,,,,1.9,2.11,6.36,,12.06,39.63,2021-03-16
3.7595990109799207,4.94662383452393,5.85,0.19,40.76,39.39,9.09,6.85,,0.55,,2.0,2.26,6.58,5.36,12.3,40.49,2021-03-17
3.926191580073659,5.07035353199971,6.15,0.2,42.5,40.41,9.51,7.05,,0.64,6.55,2.1,2.38,7.63,5.42,12.53,41.45,2021-03-18
4.116010929069292,5.20596835613713,6.45,0.2,44.03,41.42,9.94,7.3,,,,2.21,2.51,8.67,5.61,12.83,42.54,2021-03-19
4.332068627536249,5.354,6.72,0.2,44.21,42.07,10.29,7.42,,,,2.31,2.58,9.03,5.69,13.09,43.78,2021-03-20
4.454020927067609,5.54385714285714,6.84,0.2,44.23,42.38,10.53,7.47,,0.75,,2.37,2.59,9.03,5.73,13.29,44.39,2021-03-21
4.587869521570076,5.74714285714286,6.89,0.21,45.63,43.09,10.92,7.74,,,,2.42,2.64,10.15,,13.61,45.0,2021-03-22
4.703418565539975,5.91757142857143,7.11,0.26,46.89,44.01,11.25,8.02,,,,2.54,2.71,11.19,,13.97,45.72,2021-03-23
4.8560452287437466,6.13283571428571,7.3,0.34,48.03,45.08,11.7,8.36,,,,2.7,2.78,12.21,,14.38,46.57,2021-03-24
4.954913589617613,6.52471428571429,7.38,0.43,49.14,46.24,12.21,8.72,,,7.53,2.88,2.83,13.45,,14.77,47.39,2021-03-25
5.147974641298654,6.96214285714286,7.62,0.5,50.27,47.39,12.78,9.15,,,7.82,3.11,2.9,14.64,,15.22,48.41,2021-03-26
5.336540161593443,7.3155,7.83,0.53,50.35,48.14,13.23,9.33,,,8.05,3.37,2.94,15.01,,15.56,49.39,2021-03-27
5.43796300005466,7.61521428571429,7.95,0.54,50.36,48.5,13.62,9.45,,1.07,8.16,3.55,2.95,15.01,,15.79,50.03,2021-03-28
5.569577716207205,7.92585714285714,7.99,0.59,51.75,49.36,14.12,9.89,,,8.18,3.83,3.0,16.57,7.62,16.16,50.63,2021-03-29
5.876260248621217,8.19214285714286,8.21,0.62,53.2,50.44,14.58,10.26,,,,4.14,3.08,18.07,7.66,16.55,51.36,2021-03-30
6.230301002053549,8.55864285714286,8.53,0.64,54.66,51.69,15.17,10.67,,1.53,,4.38,3.16,19.73,7.79,16.95,52.28,2021-03-31
6.61374800633301,9.044,8.82,0.64,56.24,53.06,15.72,11.16,,1.85,8.52,4.49,3.18,21.11,7.98,17.34,53.19,2021-04-01
6.859907909932311,9.55721428571429,9.04,,56.27,54.16,16.17,11.3,,2.05,,4.56,3.19,22.52,8.07,17.61,53.71,2021-04-02
7.052540437880152,9.76264285714286,9.16,0.65,56.29,54.85,16.68,11.48,,,,4.64,3.22,22.88,8.25,17.89,54.13,2021-04-03
7.144919044883449,9.99785714285714,9.29,0.65,56.3,55.08,17.0,11.64,,,,4.7,3.22,22.88,8.31,18.12,54.27,2021-04-04
7.370136041366316,10.2001428571429,9.34,0.66,57.78,56.01,17.48,11.99,,,8.85,4.84,3.27,23.98,8.37,18.42,54.42,2021-04-05
7.678127158291525,10.3851428571429,9.66,0.66,59.03,57.21,18.01,12.49,,,9.33,,3.36,25.25,8.55,18.86,54.82,2021-04-06
8.006585044851834,10.6479285714286,10.02,0.68,60.24,58.53,18.63,12.92,,2.45,10.06,5.25,3.45,26.57,8.94,19.66,55.56,2021-04-07
8.445784573945517,11.0821428571429,10.46,0.71,61.49,59.88,19.31,13.39,,,10.43,5.49,3.59,27.97,9.15,20.5,56.36,2021-04-08
8.717179764055468,11.5086428571429,10.87,0.75,62.63,61.18,20.11,13.81,,2.76,10.91,5.75,3.69,29.12,9.34,21.25,57.18,2021-04-09
8.891219123357255,11.7479285714286,11.41,0.78,62.77,62.05,20.75,14.06,,,11.2,5.93,3.73,29.89,9.58,21.7,58.04,2021-04-10
9.042753051041366,11.9530714285714,11.65,0.8,62.78,62.47,21.23,14.19,,3.07,,,3.73,29.9,9.67,22.01,58.42,2021-04-11
9.28719171764565,12.2805714285714,11.82,0.86,64.01,63.38,22.12,14.63,,4.05,11.53,6.19,3.78,31.43,9.78,22.51,58.8,2021-04-12
9.723337618359048,12.5445,12.22,0.98,65.24,64.42,22.84,15.06,,4.77,11.84,6.54,3.84,33.08,9.99,23.2,59.37,2021-04-13
9.846225528041227,12.8011428571429,12.62,1.09,66.43,65.53,23.62,15.49,,5.55,12.07,6.74,3.91,34.73,10.26,24.13,60.05,2021-04-14
10.247242798944344,13.1097142857143,13.01,1.19,67.51,66.66,24.44,15.91,,6.3,12.57,,3.98,36.56,10.39,24.94,60.85,2021-04-15
10.650963737178966,13.3834285714286,13.36,1.27,68.53,67.74,25.28,16.35,,7.07,12.72,7.0,4.11,38.37,10.6,25.66,61.78,2021-04-16
11.092559824928692,13.5577857142857,13.65,1.28,68.64,68.45,25.96,16.64,,7.7,12.8,7.23,4.24,39.38,10.76,26.09,62.72,2021-04-17
11.300988213819757,13.7233571428571,13.79,1.29,68.66,68.79,26.48,16.74,,,12.89,7.35,4.33,39.84,11.08,26.42,63.17,2021-04-18
11.40196427661099,14.2117857142857,13.89,1.32,69.67,69.56,27.17,17.25,,8.4,12.91,7.54,4.37,40.96,11.13,26.9,63.71,2021-04-19
11.5634026574693,14.2117857142857,14.11,1.35,70.66,70.54,27.8,17.72,,9.56,12.99,7.76,4.41,42.28,11.35,27.57,64.39,2021-04-20
11.906301793838438,14.5850714285714,14.36,1.38,71.58,71.58,28.64,17.98,,,13.11,8.06,4.47,43.62,11.53,28.43,65.17,2021-04-21
12.282376602781923,15.4345714285714,14.68,1.4,72.63,72.63,29.6,18.36,,10.07,13.48,8.24,4.51,45.09,11.8,29.19,65.99,2021-04-22
12.597652623171529,15.4345714285714,14.93,1.42,73.58,73.62,30.56,19.19,,10.72,13.6,8.42,4.59,46.56,12.02,29.86,66.87,2021-04-23
12.86720595479119,15.7363571428571,15.39,1.43,73.68,74.28,31.32,19.39,,,13.9,8.58,4.68,47.2,12.39,30.3,67.9,2021-04-24
13.022387095582314,16.0643571428571,15.64,1.43,73.68,74.58,31.93,19.45,,,14.13,8.68,4.73,47.22,12.44,30.63,68.39,2021-04-25
13.095160741791725,16.3920714285714,15.82,1.44,74.71,75.3,32.62,19.99,,11.44,14.21,,4.79,48.52,12.55,31.15,68.97,2021-04-26
13.242326901647074,16.8554285714286,16.2,1.51,75.6,76.17,33.31,20.7,,12.09,14.62,9.02,4.88,49.82,12.72,32.09,69.7,2021-04-27
13.478968816994527,17.4217857142857,16.57,1.61,76.48,77.09,34.01,21.21,,12.79,14.7,9.2,5.04,51.09,13.05,33.43,70.58,2021-04-28
13.774651780027275,18.1045,16.92,1.75,77.29,78.01,34.82,21.7,,13.42,15.34,9.41,5.21,52.42,13.38,34.57,71.48,2021-04-29
14.060979435114302,18.9331428571429,17.25,1.87,77.75,78.88,35.56,22.15,,14.05,15.36,9.73,5.51,53.79,13.59,35.53,72.31,2021-04-30
14.347613405314316,19.3147142857143,17.48,1.88,77.76,79.43,36.18,22.27,,,,9.97,5.7,53.8,13.66,35.93,73.06,2021-05-01
14.543401931200927,19.667,17.54,1.88,77.77,79.69,36.63,22.32,,,15.69,10.18,5.85,53.8,13.76,36.24,73.45,2021-05-02
14.658423256129016,19.9932142857143,17.63,1.99,78.56,80.28,37.23,22.73,,,15.81,,6.04,54.74,13.78,36.78,73.74,2021-05-03
14.940894991179713,20.3282142857143,17.97,2.09,79.44,81.03,37.85,23.19,,15.2,15.88,,6.12,55.72,13.82,37.79,74.31,2021-05-04
15.347683841919055,20.6876428571429,18.4,2.2,80.35,81.8,38.6,23.63,,15.8,16.12,,6.19,56.65,14.2,39.16,75.1,2021-05-05
15.832460837850872,21.2667142857143,18.84,2.29,81.18,82.55,39.55,24.12,,16.39,16.69,,6.32,57.7,14.51,40.35,76.0,2021-05-06
16.300431767816573,22.0161428571429,19.34,2.37,81.95,83.3,40.6,24.6,,17.1,17.31,11.89,6.46,58.25,14.6,41.41,76.87,2021-05-07
16.67165076801293,22.6847142857143,19.74,2.38,82.08,83.76,41.46,24.75,,,17.57,,6.71,58.46,14.8,41.92,77.76,2021-05-08
16.846028978488935,23.1647857142857,19.92,2.39,82.09,83.94,42.18,24.8,,,17.59,,6.89,58.47,,42.26,78.19,2021-05-09
16.903209122184688,23.7831428571429,20.0,2.56,82.99,84.42,43.06,25.24,,,17.71,12.64,7.06,59.74,14.93,42.97,78.7,2021-05-10
16.949677759675385,24.4783571428571,20.25,2.76,84.0,85.04,43.86,25.66,,17.91,17.76,13.02,7.22,60.98,14.97,44.27,79.41,2021-05-11
17.13243598982285,25.3051428571429,20.58,2.97,84.95,85.64,44.78,26.13,,,17.78,13.36,7.43,62.26,15.47,45.96,80.34,2021-05-12
17.44762630546581,26.2078571428571,20.92,3.22,85.77,86.32,45.83,26.44,,19.34,17.97,13.74,7.67,64.06,15.61,46.47,81.27,2021-05-13
17.78634178049897,27.1880714285714,21.28,3.35,86.6,87.06,46.97,26.78,,20.1,18.23,,8.0,65.8,15.96,47.38,82.17,2021-05-14
18.14836259811845,28.0705,21.63,3.38,86.61,87.61,47.94,26.95,,20.72,18.85,14.38,8.23,66.41,16.35,47.86,83.1,2021-05-15
18.38562190506669,29.067,21.77,3.41,86.61,87.89,48.77,27.07,,,19.05,14.55,8.34,66.43,16.43,48.19,83.56,2021-05-16
18.49150059679072,30.1422142857143,21.93,3.58,87.51,88.44,49.8,27.44,,21.51,19.26,14.7,8.52,67.97,16.51,48.86,84.09,2021-05-17
18.76619462608384,31.1206428571429,22.35,3.87,88.47,89.06,50.56,27.85,,22.27,19.39,15.06,8.73,69.46,16.8,49.9,84.82,2021-05-18
19.22269937193657,32.1079285714286,22.77,4.14,89.34,89.69,51.5,28.21,,22.97,19.7,15.34,8.97,70.72,17.04,51.21,85.75,2021-05-19
19.829591347705872,33.3355714285714,23.13,4.42,90.33,90.29,52.56,28.64,,23.68,20.14,15.62,9.23,72.1,17.25,52.35,86.76,2021-05-20
20.336159569033363,34.5245,23.59,4.65,90.38,90.91,53.83,29.03,,24.53,20.73,,9.72,73.52,17.45,53.36,87.71,2021-05-21
20.750823733713958,35.5194285714286,24.03,4.77,90.56,91.34,54.86,29.19,,25.2,21.45,16.06,10.11,73.94,18.11,53.93,88.83,2021-05-22
21.012634276324672,36.4898571428571,24.27,4.77,90.58,91.54,55.68,29.57,,,21.6,16.2,10.37,73.99,18.14,54.27,89.38,2021-05-23
21.15301071569621,37.6609285714286,24.45,4.9,91.81,91.93,56.62,29.95,,25.98,21.76,16.44,10.74,75.19,18.37,54.66,90.05,2021-05-24
21.38951455117408,39.051,24.65,5.05,93.1,92.36,57.29,30.34,,26.72,22.11,16.8,11.04,76.3,18.52,55.44,90.89,2021-05-25
21.98949935921418,40.4802142857143,24.85,5.26,94.29,92.79,58.14,30.69,,27.42,22.54,17.25,11.33,77.41,18.92,56.85,91.87,2021-05-26
22.621709945553363,41.74,25.22,5.52,95.35,93.19,59.18,31.01,,28.11,,,11.68,78.55,19.01,58.1,92.88,2021-05-27
23.203764209608924,43.0707857142857,25.6,5.74,96.32,93.59,60.38,31.48,,,,,12.13,79.61,19.27,59.18,93.82,2021-05-28
23.69683155265322,44.3552857142857,26.11,5.78,96.57,93.82,61.3,31.67,,,23.55,18.85,12.53,80.33,19.44,59.67,94.7,2021-05-29
24.03992907963958,45.6551428571429,26.58,5.8,96.62,93.93,62.14,31.72,,,24.11,19.17,12.72,80.37,19.5,60.01,95.19,2021-05-30
24.18596123872689,47.2477142857143,26.88,6.05,97.74,93.99,63.16,32.09,18.01,29.54,24.47,19.69,13.06,81.7,19.53,60.66,95.61,2021-05-31
24.593221465572757,48.7077142857143,27.4,6.28,98.9,94.37,63.99,32.47,19.65,30.24,24.65,20.25,13.4,83.02,20.1,61.84,96.26,2021-06-01
25.2447545044669,50.3447142857143,28.07,6.49,99.96,94.7,64.9,33.03,21.28,30.92,24.74,20.87,13.74,84.32,20.42,63.33,97.03,2021-06-02
26.088252685272558,51.6775714285714,28.68,6.71,100.81,95.08,65.99,33.29,22.91,,25.12,21.42,13.94,85.59,20.56,64.1,97.86,2021-06-03
26.806525914925157,53.1773571428571,29.33,6.94,101.57,95.5,67.2,33.63,24.16,,25.4,21.93,14.05,86.85,20.9,65.07,98.7,2021-06-04
27.257452710184065,54.5046428571429,30.11,7.01,101.76,95.81,68.2,33.92,25.14,,,22.4,14.11,87.28,20.98,65.56,99.69,2021-06-05
27.35049632253629,55.5627857142857,30.9,7.03,101.79,95.97,69.05,34.03,25.47,,25.89,22.66,14.12,87.31,21.05,65.91,100.26,2021-06-06
27.45749076309157,56.7238571428571,31.43,7.25,102.74,96.29,70.13,34.4,26.04,32.94,26.09,22.89,14.21,88.47,21.28,66.65,100.87,2021-06-07
27.503720538279136,57.783,32.15,7.43,103.7,96.64,71.05,35.01,26.65,,26.15,23.36,14.87,89.55,21.45,67.91,101.53,2021-06-08
27.90661458442117,58.9182857142857,32.92,7.6,104.71,96.99,72.12,35.57,27.64,34.23,26.57,23.81,15.49,90.96,21.66,69.62,102.25,2021-06-09
28.698401854066656,60.3785,33.67,7.81,105.76,97.34,73.37,36.1,28.92,,27.13,,16.18,92.23,21.9,71.04,103.0,2021-06-10
28.91023700663666,61.6795,34.49,8.03,106.7,97.7,74.69,36.67,30.22,35.45,27.85,24.79,16.86,93.39,22.11,72.32,103.76,2021-06-11
29.34882946044164,62.7516428571429,35.31,8.36,106.87,97.97,75.8,36.97,31.67,,28.15,25.2,17.35,94.05,22.43,72.84,104.6,2021-06-12
29.59587974113104,63.7692857142857,35.71,8.72,106.88,98.09,76.79,37.13,32.09,,29.25,25.41,17.6,94.08,22.5,73.18,105.08,2021-06-13
29.77689372097188,64.581,35.92,9.11,108.03,98.36,77.97,37.65,34.0,,29.56,25.68,17.95,95.73,22.52,73.96,105.62,2021-06-14
29.999408637248184,65.9935714285714,36.49,9.44,109.13,98.65,79.15,38.29,36.09,36.65,30.31,,18.34,97.31,22.55,75.22,106.24,2021-06-15
30.352623292150405,67.5107142857143,37.01,9.72,110.31,98.94,80.37,38.87,38.24,37.24,30.67,,18.69,98.84,22.77,76.87,106.87,2021-06-16
30.658065486425546,69.0465714285714,37.65,10.11,111.27,99.2,81.7,39.93,40.09,,31.29,27.43,19.11,100.12,23.25,78.25,107.55,2021-06-17
31.070617981376422,70.7326428571429,38.32,10.41,111.83,99.48,83.11,40.73,41.72,37.84,31.86,,19.63,101.49,23.53,79.43,108.18,2021-06-18
31.44339553826168,72.1777857142857,39.11,10.47,112.02,99.65,84.22,41.17,42.9,,32.24,28.73,19.98,101.91,23.83,79.95,108.94,2021-06-19
31.767358686998204,73.5159285714286,39.66,10.49,112.04,99.73,85.14,41.39,43.23,,,29.17,20.08,101.93,23.92,80.3,109.34,2021-06-20
31.92341036581769,74.9817142857143,39.9,10.85,112.14,99.9,86.21,42.06,44.0,38.45,32.9,29.84,20.41,103.44,24.15,81.05,109.43,2021-06-21
32.298749542352525,76.5559285714286,40.3,11.21,113.75,100.13,87.45,42.72,45.19,39.06,32.9,30.59,20.84,104.78,24.66,82.34,110.24,2021-06-22
32.828144588097594,78.2787142857143,40.89,11.58,115.06,100.35,88.8,43.36,46.21,39.68,32.96,31.29,21.22,106.0,24.7,83.94,110.79,2021-06-23
33.4532916749012,80.0459285714286,41.49,11.75,116.38,100.56,90.36,44.08,47.08,,33.53,31.92,21.48,107.22,25.34,85.18,111.37,2021-06-24
33.95770219987578,81.7003571428571,42.11,11.98,117.48,100.79,91.73,44.75,48.53,41.03,33.9,32.56,21.87,108.34,25.77,86.28,111.93,2021-06-25
34.41608689521731,83.2307142857143,42.76,12.07,117.76,100.94,92.9,45.12,49.4,,,33.21,22.11,108.71,26.11,86.77,112.56,2021-06-26
34.72138466112312,84.6990714285714,43.3,12.11,117.79,101.02,93.84,45.23,50.16,,34.27,33.6,22.27,108.75,26.34,87.12,112.95,2021-06-27
34.84770076067089,86.1938571428571,43.75,12.43,117.81,101.18,95.7,45.76,51.68,,34.65,34.27,22.43,110.31,26.57,87.87,113.34,2021-06-28
35.222733622092726,87.5524285714286,44.34,12.7,119.11,101.37,97.24,46.65,52.92,,35.02,35.0,22.74,111.88,26.95,88.99,113.76,2021-06-29
35.785659856398205,88.9053571428572,45.05,12.97,120.18,101.56,98.83,47.28,54.19,,35.46,35.66,23.28,113.4,27.43,90.22,114.22,2021-06-30
36.42309684515749,90.2963571428571,45.84,13.38,121.13,101.74,100.05,47.93,56.5,43.66,35.9,36.24,23.89,114.94,28.01,91.39,114.73,2021-07-01
36.86233843306202,91.6553571428571,46.73,13.65,121.87,101.92,101.54,48.62,58.08,44.34,,36.78,24.51,116.5,28.66,92.4,115.17,2021-07-02
37.25419561238676,92.5740714285714,47.76,14.1,122.07,102.03,102.49,48.95,58.99,,,37.29,25.1,117.02,29.09,92.85,115.66,2021-07-03
37.45415986398466,93.2499285714286,48.63,14.68,122.09,102.05,103.33,49.11,59.37,,36.53,37.58,25.51,117.05,29.35,93.18,115.94,2021-07-04
37.54838271016565,94.1726428571429,49.21,15.25,122.9,102.16,104.91,49.86,59.72,,36.86,37.91,26.07,118.5,29.49,93.82,116.27,2021-07-05
37.88450006167567,95.1192142857143,50.02,15.96,123.58,102.34,106.18,50.58,60.38,45.79,37.59,,26.71,119.92,30.37,94.75,116.62,2021-07-06
38.48724329285763,95.8843571428571,51.13,16.75,124.43,102.51,107.5,51.39,61.9,,37.98,39.4,27.23,121.39,30.88,95.94,117.0,2021-07-07
39.0450605719884,96.7304285714286,52.02,17.0,125.24,102.68,109.13,52.14,63.27,48.12,38.54,,27.71,122.25,31.23,96.96,117.4,2021-07-08
39.56465988261751,97.5330714285714,52.73,17.25,125.97,102.87,110.57,52.81,64.28,49.29,39.36,,28.2,122.99,31.96,97.86,117.79,2021-07-09
39.96556605477498,98.1544285714286,53.76,17.26,126.19,102.99,111.53,53.24,66.0,,,40.19,29.0,123.16,32.44,98.27,118.24,2021-07-10
40.232441113062144,98.7487142857143,53.98,17.26,126.22,103.05,112.28,53.44,66.33,,39.63,42.21,29.54,123.17,32.6,98.55,118.46,2021-07-11
40.32724087915802,99.388,54.52,18.65,127.16,103.21,113.61,54.05,67.31,50.38,39.93,42.74,29.87,124.65,32.77,99.11,118.72,2021-07-12
40.73481376961663,100.144214285714,55.38,20.14,128.12,103.37,114.7,54.75,68.63,51.43,40.25,,30.2,125.94,33.37,100.02,119.04,2021-07-13
41.25446624893115,101.0435,56.39,21.76,128.96,103.53,115.82,55.46,69.8,52.5,40.66,44.13,30.65,127.21,34.1,101.19,119.4,2021-07-14
41.82467818026349,101.881928571429,57.31,23.01,129.84,103.69,116.97,56.15,70.95,,41.31,44.75,31.25,128.55,34.53,102.11,119.79,2021-07-15
42.33074328298571,102.687357142857,58.13,24.11,129.86,103.88,118.11,56.85,71.98,54.67,42.04,,31.94,129.96,35.86,102.9,120.18,2021-07-16
42.784938762053976,103.387642857143,59.06,24.34,129.99,104.0,118.9,57.3,72.68,,,45.81,32.86,130.15,35.96,103.22,120.61,2021-07-17
43.07647456762432,104.039785714286,59.64,24.44,130.0,104.07,119.49,57.41,72.99,,,46.1,33.4,130.15,36.17,103.46,120.83,2021-07-18
43.282921431030566,104.808285714286,60.15,25.78,130.64,104.24,120.61,58.15,73.49,55.81,42.84,46.49,33.7,131.04,36.27,103.92,121.09,2021-07-19
43.73142151225962,105.606,61.01,26.48,131.34,104.42,121.49,59.03,74.12,56.93,43.14,46.82,34.0,131.78,37.53,104.65,121.39,2021-07-20
44.36955445530412,106.543214285714,61.97,28.33,131.89,104.61,122.5,59.91,75.52,58.06,43.62,,34.48,132.47,37.88,105.55,121.72,2021-07-21
45.132222743716206,107.686071428571,62.87,30.28,132.29,104.8,123.5,60.81,76.71,59.23,45.08,47.86,35.06,133.26,38.26,106.29,122.06,2021-07-22
46.2243337297125,108.921214285714,63.75,31.02,132.9,105.03,124.44,61.62,77.8,60.41,47.17,48.43,35.81,134.4,39.15,106.98,122.4,2021-07-23
47.28045665774469,109.907642857143,64.55,31.7,133.08,105.16,125.09,62.06,78.64,,49.49,,36.97,134.53,39.28,107.23,122.76,2021-07-24
48.05678533049623,110.733428571429,65.17,31.97,133.09,105.24,125.61,62.22,78.76,,51.4,49.45,37.89,134.56,39.4,107.38,122.97,2021-07-25
48.2927916023061,111.848,65.52,33.62,133.39,105.43,126.64,62.87,79.04,61.63,,50.02,38.12,135.48,39.57,107.79,123.24,2021-07-26
49.08868793841549,113.097214285714,66.29,34.93,133.66,105.64,127.37,63.63,80.28,62.8,,,38.89,136.25,40.18,108.45,123.51,2021-07-27
50.24298644728621,114.374928571429,67.22,35.92,133.84,105.86,128.09,64.46,81.02,63.94,53.11,51.08,39.23,136.88,40.59,109.28,123.83,2021-07-28
51.176523019374415,115.658428571429,68.14,36.11,134.31,106.08,128.8,65.18,,65.01,54.98,51.72,39.43,137.46,41.18,109.97,124.15,2021-07-29
52.08283801809234,116.956785714286,69.01,36.23,134.71,106.33,129.48,66.04,85.27,66.11,58.73,,39.92,138.04,41.8,110.57,124.46,2021-07-30
52.940525095841714,118.0585,69.9,36.25,134.77,106.48,129.96,66.5,87.42,,61.16,53.69,40.75,138.2,42.42,110.8,124.82,2021-07-31
53.45067149034143,119.251928571429,70.49,36.25,134.77,106.58,130.34,66.64,88.9,,62.83,54.13,41.38,138.2,42.65,110.94,125.03,2021-08-01
53.64036704359191,120.620214285714,70.9,37.24,135.42,106.79,130.58,67.18,90.72,67.41,63.98,54.91,41.82,138.73,42.74,111.29,125.25,2021-08-02
54.03339790180814,122.025428571429,71.69,38.15,136.14,107.02,131.32,68.05,92.58,68.76,64.32,55.8,42.24,139.32,43.25,111.85,125.5,2021-08-03
54.6176892184635,123.301642857143,73.1,39.36,136.48,107.25,131.75,69.19,93.81,70.24,64.91,56.6,42.72,139.8,44.05,112.53,125.8,2021-08-04
55.40671489071724,124.415142857143,73.97,40.29,136.72,107.49,132.25,69.98,94.66,71.56,66.86,57.38,43.24,140.38,44.28,113.15,126.1,2021-08-05
56.19087761216164,125.555714285714,74.85,40.97,136.9,107.76,132.71,70.8,95.31,,68.62,,44.09,140.87,44.61,113.68,126.4,2021-08-06
56.8627012498228,126.450285714286,75.5,41.79,136.91,107.93,133.05,71.18,95.67,,70.59,59.0,45.58,140.96,45.15,113.9,126.77,2021-08-07
57.2417725506488,127.323214285714,75.92,42.09,136.91,108.03,133.31,71.35,95.86,,71.71,59.26,46.67,140.96,45.4,114.04,126.98,2021-08-08
57.52393876414898,128.217785714286,76.53,42.94,137.42,108.27,133.8,72.05,96.49,73.07,,59.77,46.98,141.78,45.49,114.4,127.23,2021-08-09
57.91922810115166,129.149428571429,77.29,43.44,137.88,108.51,134.16,73.09,97.21,74.54,72.62,60.24,47.36,142.47,46.15,114.91,127.51,2021-08-10
58.5424920642166,130.017,,44.91,138.87,108.74,134.52,74.03,97.72,75.95,73.42,60.76,47.71,143.13,46.61,115.56,127.82,2021-08-11
59.36067798295212,130.889285714286,78.42,46.52,139.77,108.98,134.92,75.08,99.26,77.41,75.14,61.2,48.07,143.75,47.04,116.13,128.17,2021-08-12
60.13634561816707,131.741571428571,79.02,47.59,140.54,109.26,135.3,76.09,100.81,78.91,78.02,61.55,48.42,144.29,48.68,116.63,128.48,2021-08-13
60.77690368811649,132.417071428571,79.79,48.69,140.56,109.45,135.61,76.74,102.78,,,61.97,49.12,144.36,49.96,116.87,128.84,2021-08-14
61.28321955657888,133.066285714286,80.34,49.31,140.57,109.57,135.86,76.96,106.65,,,62.16,49.71,144.36,50.14,117.01,129.07,2021-08-15
61.559391199189065,133.955071428571,80.71,50.91,141.71,109.83,136.3,77.92,108.02,80.31,,,49.95,145.85,50.38,117.33,129.33,2021-08-16
61.97642652852669,134.805214285714,81.0,52.22,142.96,110.1,136.66,79.33,108.57,81.73,81.77,62.8,50.25,147.5,50.72,117.76,129.61,2021-08-17
62.50500579205375,135.723357142857,81.64,53.33,143.95,110.39,136.98,80.26,108.86,83.1,83.19,63.32,50.52,149.16,51.01,118.27,129.92,2021-08-18
63.00838230513137,136.601357142857,82.64,53.53,144.83,110.67,137.34,81.43,109.13,84.52,85.58,63.87,50.83,150.52,51.43,118.66,130.26,2021-08-19
63.432433520256446,137.456428571429,83.64,53.68,145.61,111.0,137.68,82.42,109.83,85.94,87.74,64.38,51.28,151.94,51.87,119.07,130.6,2021-08-20
63.80572927343388,138.276357142857,84.6,53.69,145.65,111.2,137.94,82.99,110.51,,,64.87,52.23,152.18,52.4,119.26,130.99,2021-08-21
64.02752839636325,139.068142857143,85.31,53.69,145.65,111.32,138.15,83.26,111.22,,91.94,65.16,52.92,152.2,52.64,119.37,131.22,2021-08-22
64.18857951873674,140.135214285714,85.81,53.81,146.28,111.59,138.47,84.23,112.21,87.46,,65.73,53.16,153.75,52.74,119.65,131.48,2021-08-23
64.49659920391083,141.124142857143,86.63,53.98,146.89,111.88,138.77,85.36,113.57,88.89,92.96,66.25,53.39,154.95,53.17,120.01,131.75,2021-08-24
65.0115752195962,142.030928571429,87.6,54.22,147.48,112.16,139.05,86.31,114.5,90.45,94.13,66.8,53.67,154.95,53.49,120.42,132.09,2021-08-25
65.61072678704396,143.136714285714,88.6,54.87,148.44,112.46,139.37,86.97,116.46,,96.46,,53.99,156.5,53.75,120.77,132.38,2021-08-26
66.20975535230905,144.2535,89.58,55.59,149.14,112.81,139.67,87.87,118.22,93.66,,67.89,54.51,157.76,54.23,121.08,132.64,2021-08-27
66.68023473323889,145.209571428571,90.57,55.6,149.16,113.02,139.88,88.5,120.11,,,68.41,55.89,157.98,54.48,121.24,132.9,2021-08-28
66.96044481525325,146.044642857143,91.27,55.6,149.17,113.15,140.06,88.77,121.4,,97.59,68.61,57.11,158.0,54.63,121.34,133.05,2021-08-29
67.09497825416638,146.854714285714,91.94,55.91,150.18,113.43,140.38,89.5,123.02,95.24,99.4,68.97,57.16,159.49,54.84,121.57,133.18,2021-08-30
67.41030903036634,147.684928571429,92.66,56.22,151.23,113.7,140.6,90.74,124.72,96.62,99.51,69.34,57.52,160.91,55.0,121.86,133.41,2021-08-31
67.75077748489326,148.316285714286,93.83,56.56,152.05,113.98,140.86,91.67,126.61,,100.49,,57.96,162.34,55.67,122.22,133.64,2021-09-01
68.12399864319863,148.903571428571,94.77,56.58,152.78,114.25,141.1,92.59,,99.26,101.94,69.74,58.51,163.75,55.93,122.52,133.88,2021-09-02
68.49046102995648,149.441,95.81,56.64,153.32,114.56,141.39,93.5,128.76,100.47,103.52,70.4,59.15,165.15,56.42,122.82,134.09,2021-09-03
68.87608874390044,150.027642857143,96.59,56.73,153.33,114.72,141.61,93.99,129.64,,104.97,70.68,60.24,165.34,56.58,122.95,134.34,2021-09-04
69.05121925159695,150.531785714286,97.36,56.73,153.33,114.83,141.77,94.17,,,106.54,,61.05,165.36,56.75,123.02,134.48,2021-09-05
69.21825938992313,150.9345,97.94,,154.14,114.89,141.86,94.87,,101.64,107.53,,61.47,166.48,56.83,123.21,134.63,2021-09-06
69.63540899225629,151.358928571429,99.06,,155.09,115.16,142.13,95.13,134.68,102.66,107.9,,62.11,167.5,57.32,123.48,134.8,2021-09-07
70.30426153203393,151.755857142857,99.82,,155.88,115.41,142.36,95.94,137.19,,107.94,,63.17,168.52,57.44,123.79,134.96,2021-09-08
71.02459088204341,152.130928571429,100.68,,156.59,115.66,142.61,96.97,139.83,104.73,108.91,72.24,64.21,169.62,57.78,124.09,135.14,2021-09-09
71.7115469624238,152.517142857143,101.52,59.16,157.29,115.97,142.87,98.1,143.11,105.74,109.99,72.85,65.45,170.47,58.2,124.36,135.31,2021-09-10
72.3588344421094,153.041428571429,102.38,,157.31,116.15,143.06,98.71,145.25,,111.03,,67.26,170.51,58.33,124.5,135.5,2021-09-11
72.78585992936786,153.437142857143,102.83,,157.31,116.25,143.21,98.93,146.05,,111.95,73.04,68.73,170.51,58.45,124.57,135.6,2021-09-12
73.07170430491134,154.018,103.05,,158.32,116.49,143.47,99.63,147.53,106.69,112.91,73.4,69.36,171.17,58.92,124.77,135.72,2021-09-13
73.60235952785699,154.067,103.59,,159.25,116.71,143.66,100.63,149.71,107.55,113.09,73.79,70.26,171.49,58.99,125.06,135.84,2021-09-14
74.26849490974115,154.387714285714,104.25,,159.98,116.94,143.88,101.52,152.15,,113.3,74.13,71.02,171.69,59.33,125.4,135.97,2021-09-15
74.70934425520765,154.691357142857,105.11,,160.33,117.16,144.13,102.22,154.61,108.4,114.03,,72.03,172.38,59.59,125.73,136.1,2021-09-16
74.83335823003318,155.001214285714,105.93,60.96,160.33,117.43,144.55,103.31,156.98,,115.09,74.77,72.95,173.38,59.81,126.02,136.21,2021-09-17
75.27580263606215,155.288785714286,106.51,,160.33,117.59,144.73,103.81,160.16,,115.09,74.99,74.42,173.38,,126.16,136.36,2021-09-18
75.60380660489027,155.545571428571,107.07,,160.33,117.68,144.88,104.01,162.6,109.75,115.3,75.13,75.32,173.38,60.13,126.24,136.43,2021-09-19
75.89522099540287,155.784714285714,107.48,,161.09,117.88,145.25,104.57,165.7,,115.39,75.46,75.72,174.1,60.24,126.43,136.53,2021-09-20
76.24598433583868,155.900285714286,108.17,,161.92,118.08,145.51,105.42,168.54,110.22,115.53,,76.32,174.88,60.41,126.71,136.62,2021-09-21
76.81143806660756,156.1845,109.04,,162.78,118.28,145.77,106.22,171.58,110.97,116.05,76.19,76.84,175.75,60.7,127.04,136.72,2021-09-22
77.39115846344214,156.485142857143,109.66,,163.53,118.48,146.07,107.06,174.52,111.96,116.12,76.6,77.35,176.59,,127.36,136.82,2021-09-23
77.99333826527118,156.747642857143,110.24,62.02,164.31,118.77,146.51,107.9,176.64,,116.64,,77.93,177.54,61.02,127.65,136.93,2021-09-24
78.47961826851906,156.977785714286,110.9,62.17,164.32,118.97,146.7,108.41,178.21,,116.91,77.26,79.16,177.56,61.14,127.77,137.03,2021-09-25
78.71069731095962,157.157285714286,111.29,,164.32,119.1,146.88,108.65,179.35,112.75,117.03,77.86,80.14,177.57,61.2,127.83,137.09,2021-09-26
78.85344808923807,157.370357142857,111.63,,165.36,119.4,147.2,109.24,181.45,113.48,117.05,78.35,80.76,178.42,61.43,128.01,137.18,2021-09-27
79.2520291233617,157.575285714286,112.16,,166.58,119.74,147.41,110.1,183.68,,117.15,,81.47,179.12,61.48,128.28,137.27,2021-09-28
79.76649011700475,157.780071428571,112.81,,167.73,120.07,147.67,110.9,185.59,115.45,117.28,78.81,82.4,179.81,61.69,128.58,137.37,2021-09-29
80.30097031105046,157.960857142857,113.39,,168.78,120.42,147.93,111.77,188.14,116.36,117.69,,83.34,180.39,61.89,128.87,138.74,2021-09-30
80.77070453682202,158.014714285714,114.06,64.28,169.73,120.8,148.17,112.71,189.48,,,80.17,84.2,180.98,62.14,129.02,139.08,2021-10-01
81.18557661486948,158.068642857143,114.76,,169.77,120.99,148.33,113.21,190.12,,117.78,,85.92,181.0,62.38,129.06,139.46,2021-10-02
81.45396420322233,158.120785714286,115.2,,169.78,121.1,148.46,113.38,190.41,117.41,119.02,,87.36,181.01,62.47,129.08,139.66,2021-10-03
82.09122105330118,158.183142857143,115.53,,170.67,121.39,148.74,113.9,191.57,118.4,119.1,81.0,88.15,181.73,62.53,129.19,139.94,2021-10-04
82.39551496268383,158.244857142857,115.95,,171.55,121.69,148.94,114.63,193.3,119.39,119.19,,89.04,182.41,62.71,129.41,140.27,2021-10-05
82.97048033320482,158.313,116.51,,172.35,121.99,149.27,115.45,195.42,120.22,119.31,82.0,89.88,183.02,63.18,129.65,140.59,2021-10-06
83.57818332981732,158.397357142857,117.06,,173.16,122.29,149.49,116.27,197.5,121.07,119.57,82.61,90.69,183.67,64.35,129.91,140.95,2021-10-07
84.21434427012663,158.487571428571,117.66,67.0,173.91,122.63,149.75,117.07,200.28,,119.82,83.16,91.31,184.39,64.5,130.13,141.29,2021-10-08
84.69747938531032,158.580571428571,118.01,,173.93,122.78,149.92,117.54,202.13,,120.06,83.65,92.44,184.41,64.62,130.17,141.75,2021-10-09
85.03367371237982,158.660357142857,118.36,,173.93,122.88,150.06,117.83,203.07,121.92,120.18,83.89,93.16,184.41,64.76,130.19,141.95,2021-10-10
85.21391000100115,158.761857142857,118.66,,173.94,123.13,150.12,118.3,204.54,122.65,120.32,84.49,93.7,184.62,64.88,130.31,142.21,2021-10-11
85.64259006600726,158.862928571429,,,175.06,123.4,150.42,118.49,206.74,123.22,,85.06,94.42,184.95,64.96,130.52,142.54,2021-10-12
86.45639234566464,158.964571428571,119.18,,176.23,123.67,150.66,118.89,208.78,123.68,120.46,85.6,95.1,185.51,65.21,130.77,143.32,2021-10-13
87.13657378324812,159.095285714286,119.97,,177.25,123.94,150.92,119.99,211.36,124.21,120.87,86.09,95.77,186.16,65.34,131.02,143.78,2021-10-14
87.74780416503484,159.229428571429,120.83,68.24,178.15,124.25,151.18,120.96,213.49,,121.3,86.51,96.49,186.68,65.71,131.22,144.2,2021-10-15
88.42478516518129,159.326214285714,121.93,,178.18,124.39,151.32,121.57,216.17,,121.76,,97.54,186.68,,131.27,144.74,2021-10-16
88.88838277238095,159.434857142857,,,178.19,124.47,151.45,121.82,217.79,124.91,121.76,87.12,98.4,186.68,,131.29,144.97,2021-10-17
89.03647184538762,159.578285714286,,,179.18,124.72,151.74,122.35,219.48,125.46,121.83,87.25,99.02,187.17,,131.4,145.32,2021-10-18
89.35773450104251,159.730428571429,123.27,,180.36,124.96,151.93,123.17,220.65,,122.02,,99.63,187.61,,131.61,145.77,2021-10-19
89.66938473451177,159.880357142857,124.38,,181.6,125.21,152.15,124.12,221.61,,122.42,,100.17,187.68,68.11,131.86,146.26,2021-10-20
90.04649752316456,160.039285714286,124.83,,182.81,125.46,152.38,124.59,222.51,,122.56,,100.67,188.1,68.15,132.1,147.27,2021-10-21
90.43248234021954,160.215571428571,125.71,71.54,184.07,125.86,152.62,125.22,223.33,,122.87,89.12,101.12,188.8,68.56,132.3,147.81,2021-10-22
90.90921419984176,160.337642857143,126.62,,184.12,126.11,152.75,125.54,223.82,,123.17,89.49,101.9,188.8,69.06,132.35,148.46,2021-10-23
91.4072746379403,160.444071428571,127.29,,184.13,126.25,152.85,125.91,224.06,,123.32,89.74,102.5,188.81,,132.37,148.77,2021-10-24
91.7553652599809,160.620571428571,127.46,,185.57,126.7,153.12,127.04,224.75,129.04,123.45,90.16,102.87,189.23,,132.49,149.22,2021-10-25
93.03793758701016,160.809928571429,128.39,,187.25,127.16,153.34,127.91,225.41,,123.61,90.62,103.22,189.58,,132.74,149.7,2021-10-26
93.68513618769924,161.018,129.12,,188.93,127.64,153.53,128.71,225.93,,123.77,91.09,103.56,189.93,,133.03,150.22,2021-10-27
94.31473754064072,161.256,129.86,,190.6,128.11,153.75,129.47,226.49,130.65,124.03,91.54,103.94,190.21,70.2,133.33,150.76,2021-10-28
99.78251626977644,161.587571428571,130.8,73.27,192.13,128.64,153.95,130.23,227.24,,124.29,,104.33,190.78,70.74,133.58,151.27,2021-10-29
100.06498879838962,162.025857142857,131.24,,192.27,128.88,154.06,130.5,227.72,,124.5,92.24,105.25,190.79,71.32,133.64,151.91,2021-10-30
100.25818237500296,162.433714285714,131.68,,192.29,129.01,154.15,130.69,227.97,,124.64,92.47,106.01,190.79,71.59,133.66,152.21,2021-10-31
100.32952443451848,162.815857142857,132.01,,192.3,129.43,154.38,130.83,228.58,,124.72,,106.31,191.0,71.81,133.74,152.64,2021-11-01
100.36928112064732,163.282428571429,132.47,,193.65,129.88,154.52,130.93,229.19,,124.79,93.17,106.72,191.0,72.36,133.99,153.18,2021-11-02
100.40319798056764,164.477071428571,132.63,,195.25,130.33,154.72,131.42,229.8,132.54,124.81,93.75,107.22,191.22,73.0,134.34,153.79,2021-11-03
100.69090643435052,165.116142857143,133.84,,196.78,130.81,154.92,132.09,230.32,133.08,124.82,94.41,107.94,191.49,74.35,134.7,154.37,2021-11-04
101.11879214332524,165.864428571429,,73.64,198.13,131.37,155.11,133.03,232.05,,,,108.82,191.98,,135.0,154.94,2021-11-05
101.52074899219154,165.864428571429,134.39,,198.3,131.68,155.19,133.36,233.17,,124.82,95.82,110.09,191.99,,135.09,155.65,2021-11-06
101.76726441177688,166.480428571429,135.19,,198.32,131.84,155.27,133.62,233.48,,124.83,96.25,111.02,191.99,74.59,135.13,156.02,2021-11-07
101.85879152625108,167.035214285714,135.56,,199.28,132.27,155.51,134.36,233.74,134.32,124.83,96.96,111.63,192.15,74.71,135.34,156.51,2021-11-08
102.07420961336813,167.630785714286,135.86,,200.48,132.75,155.7,135.03,234.72,134.82,124.92,,112.29,192.38,75.4,135.74,157.1,2021-11-09
102.52972002544732,168.251785714286,136.3,,201.58,133.27,155.93,135.72,235.6,135.29,125.04,98.58,112.91,192.53,75.76,136.21,158.12,2021-11-10
102.7488432557316,168.859428571429,136.83,,202.57,133.74,156.04,136.46,237.27,135.78,125.06,99.31,113.49,192.77,76.42,136.71,158.75,2021-11-11
102.92370553931364,169.4795,137.26,79.59,203.58,134.32,156.27,137.04,238.92,,125.36,100.1,113.99,193.13,76.97,137.1,159.36,2021-11-12
103.00928649020842,170.158092857143,137.69,,203.75,134.66,156.37,137.36,241.08,,125.67,,114.71,193.13,77.57,137.23,160.12,2021-11-13
102.83733023238749,170.683428571429,138.18,,203.77,134.83,156.44,137.55,242.32,136.36,125.86,101.08,115.36,193.13,78.13,137.28,160.5,2021-11-14
103.0634463351476,171.146071428571,141.02,,204.78,135.28,156.68,137.82,243.59,,126.06,101.34,115.86,193.21,78.51,137.58,160.99,2021-11-15
103.15768981395276,171.6355,,,205.77,135.77,156.85,138.15,244.49,137.24,126.11,102.06,116.42,193.29,79.07,138.14,161.58,2021-11-16
103.3574723397453,172.127428571429,142.45,,206.72,136.29,157.05,138.91,245.12,,126.21,102.91,116.97,193.36,79.93,138.8,162.22,2021-11-17
103.57330863428344,172.584214285714,,,207.57,136.81,157.25,139.47,245.58,,126.39,103.73,117.51,193.6,80.43,139.49,162.86,2021-11-18
103.78988294191764,173.064857142857,143.98,82.02,208.4,137.41,157.42,140.07,246.08,,126.58,104.57,118.04,193.89,80.92,140.14,163.47,2021-11-19
103.9373601782608,173.6245,144.45,,208.51,137.77,157.51,140.46,246.28,,126.77,105.31,118.95,193.89,82.08,140.4,164.22,2021-11-20
104.01632837310234,174.089428571429,144.7,,208.52,137.96,157.56,140.74,246.33,138.46,126.84,105.68,119.81,193.89,,140.51,164.61,2021-11-21
104.10881966597624,174.484714285714,144.99,,209.24,138.49,157.8,141.28,246.72,138.88,127.05,106.46,120.38,193.99,82.66,141.01,165.13,2021-11-22
104.25793957662998,174.959071428571,145.65,,209.98,139.01,157.9,141.83,247.06,139.21,127.06,107.25,120.98,194.08,82.92,141.86,165.73,2021-11-23
104.43372159911344,175.472642857143,,,210.7,139.41,158.04,142.37,,139.94,127.34,108.05,121.55,194.27,83.64,142.93,166.36,2021-11-24
104.61521330356057,176.023571428571,147.14,,211.35,139.41,158.22,142.76,,,127.6,,122.23,194.53,84.33,143.98,167.01,2021-11-25
104.8275325292366,176.631928571429,,,212.0,139.76,158.45,143.34,250.7,,127.85,109.62,123.1,194.75,85.26,144.98,167.61,2021-11-26
104.99528846090972,177.349642857143,148.3,,212.13,140.02,158.63,143.56,250.91,,127.98,110.25,124.39,194.75,85.73,145.66,168.37,2021-11-27
105.08584028710963,178.002928571429,148.62,,212.14,140.19,158.82,143.73,250.96,140.28,128.13,110.61,125.44,194.75,86.08,145.91,168.87,2021-11-28
105.25559520264189,178.558071428571,149.4,83.94,212.85,140.68,159.18,143.84,251.24,,128.16,111.36,126.25,194.87,86.28,146.66,169.41,2021-11-29
105.4175541604798,179.141071428571,150.2,,213.73,141.23,159.47,144.62,251.69,140.83,128.16,112.2,127.03,194.97,86.91,147.75,170.07,2021-11-30
105.74714128643332,179.741428571429,151.02,,214.56,141.85,159.78,145.22,252.19,,128.27,113.63,127.78,195.16,87.41,149.09,170.76,2021-12-01
106.0932122919906,180.311642857143,151.89,,215.34,142.47,160.11,145.78,252.64,,128.42,,128.58,195.44,88.03,150.4,171.46,2021-12-02
106.41122372221048,180.914214285714,152.6,86.1,216.11,143.16,162.42,146.58,252.92,,128.58,114.29,129.37,196.02,88.4,151.67,172.1,2021-12-03
106.63124764589692,181.673142857143,153.01,,216.24,143.59,162.74,146.94,253.09,,128.79,,130.32,196.02,89.28,152.66,172.88,2021-12-04
106.74172503212816,182.359142857143,153.25,,216.26,143.79,163.02,147.02,253.16,141.77,128.96,115.17,131.05,196.02,89.53,152.99,173.38,2021-12-05
106.88858011549571,182.8655,,,217.1,144.32,163.49,147.44,253.39,142.06,129.07,115.77,131.7,196.08,89.66,153.88,173.93,2021-12-06
107.14857419361516,183.396571428571,153.87,,217.99,144.87,163.97,147.98,253.96,142.4,129.16,116.29,132.37,196.18,90.2,155.17,174.58,2021-12-07
107.5130010926403,183.923571428571,154.93,,218.01,145.41,164.46,148.36,254.67,142.75,129.24,,132.86,196.36,90.83,156.7,175.26,2021-12-08
108.01888685024454,184.481428571429,,,218.85,145.96,164.91,148.98,255.29,,129.24,117.12,133.59,196.56,91.27,158.18,176.03,2021-12-09
108.58247570921154,185.134214285714,156.16,87.6,219.62,146.56,165.54,149.42,255.89,,129.41,117.79,134.57,196.89,91.51,159.63,176.74,2021-12-10
108.85257580537228,185.907357142857,156.55,,219.77,146.91,165.9,149.53,256.3,,129.73,118.27,135.73,196.89,92.63,160.8,177.64,2021-12-11
109.00138543310068,186.587,156.8,,219.79,147.09,166.19,149.59,256.52,143.66,129.73,118.56,136.66,196.89,93.11,161.17,178.3,2021-12-12
109.44783732959752,187.227857142857,157.43,,220.68,147.55,166.71,149.88,256.73,144.13,129.76,119.16,137.54,197.11,93.27,162.13,179.13,2021-12-13
110.1874478669136,187.871714285714,158.16,,221.52,148.03,167.39,150.29,257.04,,130.05,119.78,138.46,197.36,93.87,163.47,180.2,2021-12-14
110.95620039877468,188.575642857143,158.97,,222.28,148.52,168.08,150.89,257.36,,130.14,120.4,139.3,197.47,94.11,165.41,181.39,2021-12-15
111.70325693273632,189.325785714286,159.66,,222.96,148.99,168.85,151.33,258.22,145.22,130.3,,139.97,197.7,94.19,167.05,182.76,2021-12-16
112.16774571058852,190.131285714286,160.31,89.89,223.56,149.53,169.7,151.68,258.82,,130.48,121.56,140.63,198.07,94.93,168.56,184.12,2021-12-17
112.46569191378256,190.977714285714,160.69,,223.67,149.84,170.39,151.78,259.16,,130.64,121.96,141.27,198.07,95.65,169.69,185.62,2021-12-18
112.55232195426122,191.735,160.95,,223.68,150.03,170.95,151.8,259.51,,130.66,122.18,141.77,198.07,96.06,170.13,186.97,2021-12-19
116.54523706028148,192.512928571429,161.61,,224.34,150.54,171.8,152.15,259.82,145.79,130.66,,142.51,198.45,96.12,171.27,188.42,2021-12-20
117.0420277984298,193.334,,,224.96,151.08,172.9,152.5,260.33,146.18,131.0,,143.56,198.65,97.33,172.68,189.98,2021-12-21
117.45501119780128,194.247071428571,162.37,,225.49,151.58,174.07,153.07,260.98,146.56,131.02,123.77,144.48,198.97,97.46,174.05,191.35,2021-12-22
117.81804539469351,195.162492857143,163.12,91.98,225.89,151.97,175.3,153.5,261.87,,131.39,,145.13,198.99,97.83,174.98,192.35,2021-12-23
117.927279268536,196.134071428571,163.79,,225.99,152.08,,,263.04,,131.79,124.27,145.34,198.99,98.03,175.07,192.63,2021-12-24
117.8485475553102,197.006714285714,,,225.99,152.08,176.51,,264.52,,131.84,,145.43,198.99,98.48,175.12,192.65,2021-12-25
117.9653639185429,197.823571428571,163.82,,226.0,152.21,176.55,,265.28,,,124.36,145.94,198.99,,175.2,192.69,2021-12-26
117.99432180659512,198.704928571429,163.98,,226.86,152.6,176.76,153.75,265.88,,131.84,124.82,146.74,199.24,98.6,175.87,193.15,2021-12-27
118.0934115713978,199.694,165.87,,227.99,152.86,177.5,154.15,267.5,,132.4,,147.49,199.36,98.98,176.66,193.71,2021-12-28
118.19196726865891,200.722714285714,,94.65,229.18,152.9,178.85,154.55,,,133.95,125.72,147.89,199.7,100.17,177.45,194.46,2021-12-29
,201.672714285714,167.8,,229.89,152.9,179.75,154.75,,,,,,199.81,,178.02,195.15,2021-12-30
,202.523714285714,167.98,,,,180.61,154.81,,,134.48,,,199.81,100.31,178.15,,2021-12-31
